Time (s),Acceleration x (m/s^2),Acceleration y (m/s^2),Acceleration z (m/s^2)
0.054974443,-0.442927301,-0.122104287,9.835380554
0.104974443,-0.383072257,-0.007182605,9.763554573
0.154974443,-0.469263524,0.04309563,9.531316757
0.204974443,-0.529118598,-0.050278235,9.725247383
0.254974443,-0.553060591,-0.055066638,9.782708168
0.304974443,-0.493205547,0.038307227,9.593565941
0.354974443,-0.421379507,-0.069431849,9.677363396
0.404974443,-0.471657723,-0.02873042,9.785101891
0.454974443,-0.545877993,-0.069431849,9.856928825
0.504974443,-0.40940848,-0.019153614,9.655815125
0.554974443,-0.407014281,-0.112527482,9.718064308
0.604974443,-0.459686726,-0.112527482,9.832986832
0.654974443,-0.395043284,-0.138863698,9.787496567
0.704974443,-0.464475125,0.002394202,9.701305389
0.754974443,-0.421379507,-0.086191259,9.715670586
0.804974443,-0.40940848,-0.088585466,9.799467087
0.854974443,-0.301669419,-0.150834709,9.806650162
0.904974443,-0.347159237,-0.045489833,9.780313492
0.954974443,-0.464475125,0.019153614,9.742006302
1.004974443,-0.507570744,-0.02873042,9.859322548
1.054974443,-0.454898328,0.02873042,9.667786598
1.104974443,-0.466869324,-0.052672438,9.782708168
1.154974443,-0.414196909,0.002394202,9.631873131
1.204974443,-0.421379507,-0.035913024,9.643844604
1.254974443,-0.385466486,0.023942016,9.569623947
1.304974443,-0.356736064,-0.016759412,9.730035782
1.354974443,-0.339976639,-0.081402861,9.797073364
1.404974443,-0.421379507,-0.047884032,9.756371498
1.454974443,-0.612915635,0.10295067,9.761159897
1.504974443,-0.363918662,-0.079008654,9.739612579
1.554974443,-0.40940848,-0.081402861,9.782708168
1.604974443,-0.325611442,0.079008654,9.701305389
1.654974443,-0.509964943,-0.033518825,9.902418137
1.704974443,-0.339976639,0,9.627084732
1.754974443,-0.462080926,-0.002394202,9.801861763
1.804974443,-0.265756398,-0.059855044,9.684545517
1.854974443,-0.380678058,-0.021547815,9.878476143
1.904974443,-0.253785372,-0.069431849,9.684545517
1.954974443,-0.390254885,0.04309563,9.720458984
2.004974443,-0.354341865,0.023942016,9.641449928
2.054974443,-0.342370838,-0.007182605,9.787496567
2.104974443,-0.385466486,0.021547815,9.727641106
2.154974443,-0.402225882,0.026336219,9.761159897
2.204974443,-0.363918662,-0.002394202,9.758766174
2.254974443,-0.325611442,0.059855044,9.703699112
2.304974443,-0.375889659,-0.002394202,9.809044838
2.354974443,-0.378283858,0.023942016,9.785101891
2.404974443,-0.313640416,0.031124622,9.684545517
2.454974443,-0.399831682,0.02873042,9.785101891
2.504974443,-0.354341865,0.02873042,9.797073364
2.554974443,-0.392649084,0.02873042,9.749189377
2.604974443,-0.37349546,0.031124622,9.756371498
2.654974443,-0.387860686,0.059855044,9.761159897
2.704974443,-0.361524463,0.064643443,9.749189377
2.754974443,-0.356736064,0.062249243,9.686940193
2.804974443,-0.354341865,0.050278235,9.770736694
2.854974443,-0.344765037,0.057460841,9.619902611
2.904974443,-0.378283858,0.062249243,9.777919769
2.954974443,-0.342370838,0.057460841,9.701305389
3.004974443,-0.318428814,0.04309563,9.813833237
3.054974443,-0.320823014,0.045489833,9.674968719
3.104974443,-0.368707061,0.016759412,9.698910713
3.154974443,-0.368707061,-0.04070143,9.856928825
3.204974443,-0.33279404,0.026336219,9.720458984
3.254974443,-0.359130263,0.019153614,9.842563629
3.304974443,-0.349553436,0.067037649,9.799467087
3.354974443,-0.411802679,0.02873042,9.727641106
3.404974443,-0.354341865,0.038307227,9.686940193
3.454974443,-0.33518824,0.038307227,9.655815125
3.504974443,-0.328005642,0.007182605,9.739612579
3.554974443,-0.366312861,0.050278235,9.715670586
3.604974443,-0.385466486,0.016759412,9.737217903
3.654974443,-0.363918662,0.007182605,9.734824181
3.704974443,-0.342370838,0.002394202,9.866505623
3.754974443,-0.287304193,0.021547815,9.662998199
3.804974443,-0.337582439,-0.026336219,9.727641106
3.854974443,-0.37110126,-0.031124622,9.775525093
3.904974443,-0.375889659,-0.01436521,9.730035782
3.954974443,-0.349553436,-0.007182605,9.816226959
4.004974443,-0.337582439,0.011971008,9.742006302
4.054974443,-0.347159237,-0.035913024,9.880870819
4.104974443,-0.363918662,-0.031124622,9.789890289
4.154974443,-0.351947635,0.045489833,9.58638382
4.204974443,-0.318428814,-0.01436521,9.689333916
4.254974443,-0.287304193,-0.023942016,9.751583099
4.304974443,-0.363918662,0.007182605,9.710882187
4.354974443,-0.368707061,-0.011971008,9.828198433
4.404974443,-0.380678058,0.019153614,9.742006302
4.454974443,-0.349553436,-0.011971008,9.782708168
4.504974443,-0.330399841,-0.031124622,9.792284966
4.554974443,-0.320823014,-0.033518825,9.713275909
4.604974443,-0.304063618,-0.011971008,9.725247383
4.654974443,-0.342370838,-0.016759412,9.639056206
4.704974443,-0.354341865,-0.023942016,9.794678688
4.754974443,-0.347159237,0.01436521,9.742006302
4.804974443,-0.328005642,-0.057460841,9.871294022
4.854974443,-0.349553436,-0.031124622,9.852140427
4.904974443,-0.347159237,0.009576807,9.643844604
4.954974443,-0.311246216,-0.009576807,9.718064308
5.004974443,-0.313640416,-0.047884032,9.81143856
5.054974443,-0.292092621,-0.047884032,9.753977776
5.104974443,-0.366312861,0.045489833,9.730035782
5.154974443,-0.354341865,-0.023942016,9.701305389
5.204974443,-0.392649084,0.031124622,9.751583099
5.254974443,-0.404620081,-0.105344877,9.928754807
5.304974443,-0.356736064,0.038307227,9.679757118
5.354974443,-0.354341865,-0.067037649,9.727641106
5.404974443,-0.37110126,0.011971008,9.600749016
5.454974443,-0.380678058,-0.079008654,9.782708168
5.504974443,-0.385466486,0.067037649,9.629479408
5.554974443,-0.418985307,-0.055066638,9.854534149
5.604974443,-0.330399841,0.105344877,9.694122314
5.654974443,-0.375889659,-0.117315881,10.03888798
5.704974443,-0.301669419,0.064643443,9.686940193
5.754974443,-0.378283858,-0.002394202,9.744400978
5.804974443,-0.366312861,0.038307227,9.674968719
5.854974443,-0.325611442,-0.019153614,9.730035782
5.904974443,-0.323217243,0.050278235,9.794678688
5.954974443,-0.347159237,-0.035913024,9.768342972
6.004974443,-0.323217243,0.112527482,9.531316757
6.054974443,-0.356736064,0.002394202,9.785101891
6.104974443,-0.37110126,-0.007182605,9.861717224
6.154974443,-0.325611442,0.021547815,9.821015358
6.204974443,-0.304063618,0.050278235,9.684545517
6.254974443,-0.344765037,-0.023942016,9.689333916
6.304974443,-0.318428814,-0.02873042,9.732429504
6.354974443,-0.328005642,0.045489833,9.615114212
6.404974443,-0.354341865,0.033518825,9.763554573
6.454974443,-0.304063618,-0.004788403,9.770736694
6.504974443,-0.366312861,-0.004788403,9.832986832
6.554974443,-0.354341865,-0.019153614,9.715670586
6.604974443,-0.37110126,0.009576807,9.742006302
6.654974443,-0.342370838,0.004788403,9.698910713
6.704974443,-0.33279404,-0.035913024,9.804255486
6.754974443,-0.344765037,-0.007182605,9.703699112
6.804974443,-0.368707061,-0.052672438,9.825803757
6.854974443,-0.390254885,0.002394202,9.742006302
6.904974443,-0.308852017,-0.009576807,9.742006302
6.954974443,-0.311246216,-0.055066638,9.787496567
7.004974443,-0.337582439,-0.052672438,9.761159897
7.054974443,-0.354341865,-0.038307227,9.756371498
7.104974443,-0.337582439,0.004788403,9.708487511
7.154974443,-0.344765037,-0.04070143,9.758766174
7.204974443,-0.344765037,-0.02873042,9.758766174
7.254974443,-0.320823014,0,9.682151794
7.304974443,-0.363918662,-0.093373865,9.873687744
7.354974443,-0.308852017,-0.011971008,9.701305389
7.404974443,-0.399831682,-0.016759412,9.730035782
7.454974443,-0.304063618,-0.021547815,9.667786598
7.504974443,-0.339976639,-0.069431849,9.861717224
7.554974443,-0.292092621,-0.009576807,9.718064308
7.604974443,-0.359130263,-0.069431849,9.777919769
7.654974443,-0.37110126,-0.02873042,9.749189377
7.704974443,-0.397437483,-0.079008654,9.825803757
7.754974443,-0.349553436,-0.019153614,9.660603523
7.804974443,-0.366312861,-0.047884032,9.713275909
7.854974443,-0.33279404,-0.062249243,9.720458984
7.904974443,-0.363918662,-0.069431849,9.722852707
7.954974443,-0.368707061,-0.069431849,9.720458984
8.004974443,-0.380678058,-0.035913024,9.758766174
8.054974443,-0.349553436,0.023942016,9.658209801
8.104974443,-0.359130263,-0.095768064,9.789890289
8.154974443,-0.342370838,-0.069431849,9.794678688
8.204974443,-0.339976639,0.002394202,9.641449928
8.254974443,-0.363918662,-0.038307227,9.787496567
8.304974443,-0.330399841,-0.045489833,9.789890289
8.354974443,-0.313640416,-0.071826048,9.830592155
8.404974443,-0.37349546,-0.033518825,9.674968719
8.454974443,-0.387860686,-0.04309563,9.713275909
8.504974443,-0.378283858,-0.057460841,9.749189377
8.554974443,-0.33518824,-0.071826048,9.785101891
8.604974443,-0.37110126,-0.04070143,9.799467087
8.654974443,-0.337582439,0.004788403,9.641449928
8.704974443,-0.342370838,-0.047884032,9.744400978
8.754974443,-0.356736064,-0.04070143,9.744400978
8.804974443,-0.390254885,-0.067037649,9.782708168
8.854974443,-0.323217243,0.04309563,9.691728592
8.904974443,-0.349553436,0.019153614,9.749189377
8.954974443,-0.323217243,-0.026336219,9.804255486
9.004974443,-0.356736064,-0.04309563,9.742006302
9.054974443,-0.33518824,0.01436521,9.615114212
9.104974443,-0.325611442,-0.023942016,9.670180321
9.154974443,-0.284909993,-0.021547815,9.758766174
9.204974443,-0.342370838,-0.023942016,9.775525093
9.254974443,-0.33518824,-0.011971008,9.749189377
9.304974443,-0.37110126,-0.019153614,9.792284966
9.354974443,-0.304063618,-0.02873042,9.746794701
9.404974443,-0.318428814,-0.038307227,9.770736694
9.454974443,-0.33279404,-0.04070143,9.761159897
9.504974443,-0.328005642,-0.035913024,9.742006302
9.554974443,-0.311246216,0.007182605,9.722852707
9.604974443,-0.37349546,-0.069431849,9.813833237
9.654974443,-0.318428814,0.004788403,9.696516991
9.704974443,-0.339976639,-0.045489833,9.828198433
9.754974443,-0.337582439,-0.055066638,9.787496567
9.804974443,-0.361524463,-0.045489833,9.698910713
9.854974443,-0.366312861,-0.016759412,9.612719536
9.904974443,-0.337582439,-0.002394202,9.689333916
9.954974443,-0.33279404,-0.057460841,9.763554573
10.00497444,-0.399831682,-0.038307227,9.895236015
10.05497444,-0.37110126,0.038307227,9.689333916
10.10497444,-0.385466486,-0.059855044,9.81143856
10.15497444,-0.349553436,-0.011971008,9.662998199
10.20497444,-0.375889659,-0.02873042,9.708487511
10.25497444,-0.361524463,0.007182605,9.595960617
10.30497444,-0.366312861,-0.023942016,9.739612579
10.35497444,-0.359130263,0.009576807,9.701305389
10.40497444,-0.407014281,-0.050278235,9.801861763
10.45497444,-0.347159237,0.023942016,9.785101891
10.50497444,-0.397437483,-0.01436521,9.785101891
10.55497444,-0.33518824,0.002394202,9.775525093
10.60497444,-0.390254885,-0.04070143,9.694122314
10.65497444,-0.375889659,0.009576807,9.641449928
10.70497444,-0.344765037,-0.004788403,9.749189377
10.75497444,-0.33518824,-0.004788403,9.758766174
10.80497444,-0.363918662,-0.038307227,9.84974575
10.85497444,-0.404620081,0.016759412,9.674968719
10.90497444,-0.402225882,-0.038307227,9.775525093
10.95497444,-0.33518824,-0.007182605,9.689333916
11.00497444,-0.33279404,-0.01436521,9.698910713
11.05497444,-0.37349546,-0.100556471,9.813833237
11.10497444,-0.33518824,0.021547815,9.674968719
11.15497444,-0.407014281,-0.04070143,9.792284966
11.20497444,-0.354341865,0.023942016,9.718064308
11.25497444,-0.359130263,-0.026336219,9.744400978
11.30497444,-0.37110126,-0.011971008,9.746794701
11.35497444,-0.368707061,-0.055066638,9.804255486
11.40497444,-0.342370838,0.045489833,9.651026726
11.45497444,-0.37110126,-0.045489833,9.840168953
11.50497444,-0.311246216,0.011971008,9.682151794
11.55497444,-0.354341865,-0.047884032,9.823410034
11.60497444,-0.380678058,0.011971008,9.701305389
11.65497444,-0.37349546,-0.011971008,9.732429504
11.70497444,-0.328005642,-0.031124622,9.768342972
11.75497444,-0.361524463,-0.071826048,9.859322548
11.80497444,-0.330399841,0.038307227,9.662998199
11.85497444,-0.318428814,-0.047884032,9.864110947
11.90497444,-0.349553436,0.035913024,9.653421402
11.95497444,-0.356736064,-0.076614454,9.856928825
12.00497444,-0.378283858,-0.004788403,9.744400978
12.05497444,-0.349553436,-0.057460841,9.751583099
12.10497444,-0.37349546,0.057460841,9.607931137
12.15497444,-0.356736064,-0.055066638,9.768342972
12.20497444,-0.311246216,0.009576807,9.725247383
12.25497444,-0.304063618,-0.038307227,9.794678688
12.30497444,-0.359130263,0.050278235,9.679757118
12.35497444,-0.399831682,-0.062249243,9.842563629
12.40497444,-0.33279404,0.021547815,9.720458984
12.45497444,-0.328005642,-0.050278235,9.806650162
12.50497444,-0.337582439,-0.002394202,9.686940193
12.55497444,-0.37110126,-0.016759412,9.761159897
12.60497444,-0.361524463,-0.016759412,9.768342972
12.65497444,-0.349553436,0.023942016,9.677363396
12.70497444,-0.399831682,-0.035913024,9.751583099
12.75497444,-0.361524463,0.050278235,9.670180321
12.80497444,-0.385466486,-0.023942016,9.739612579
12.85497444,-0.380678058,0.031124622,9.720458984
12.90497444,-0.33279404,0.026336219,9.725247383
12.95497444,-0.395043284,-0.019153614,9.797073364
13.00497444,-0.37349546,0.01436521,9.777919769
13.05497444,-0.385466486,-0.009576807,9.674968719
13.10497444,-0.356736064,-0.04070143,9.794678688
13.15497444,-0.294486821,-0.002394202,9.720458984
13.20497444,-0.349553436,-0.031124622,9.816226959
13.25497444,-0.368707061,-0.007182605,9.749189377
13.30497444,-0.361524463,-0.004788403,9.744400978
13.35497444,-0.359130263,-0.01436521,9.703699112
13.40497444,-0.349553436,0,9.720458984
13.45497444,-0.378283858,-0.04309563,9.744400978
13.50497444,-0.402225882,-0.011971008,9.770736694
13.55497444,-0.37349546,0.002394202,9.686940193
13.60497444,-0.351947635,0,9.689333916
13.65497444,-0.347159237,-0.026336219,9.742006302
13.70497444,-0.325611442,0.002394202,9.648633003
13.75497444,-0.354341865,-0.019153614,9.562441826
13.80497444,-0.323217243,0.126892686,9.306262016
13.85497444,-0.308852017,0.16759412,9.169792175
13.90497444,-0.349553436,0.002394202,9.435548782
13.95497444,-0.366312861,-0.162805721,9.787496567
14.00497444,-0.351947635,0.02873042,9.758766174
14.05497444,-0.287304193,0.098162271,9.665391922
14.10497444,-0.284909993,0.011971008,9.761159897
14.15497444,-0.301669419,-0.016759412,9.461885452
14.20497444,-0.349553436,-0.057460841,9.315838814
14.25497444,-0.337582439,-0.009576807,9.179368973
14.30497444,-0.313640416,0.079008654,9.196128845
14.35497444,-0.320823014,0.079008654,9.387664795
14.40497444,-0.37110126,0.045489833,9.404424667
14.45497444,-0.359130263,0.062249243,9.442731857
14.50497444,-0.378283858,0.095768064,9.430760384
14.55497444,-0.342370838,0.057460841,9.421183586
14.60497444,-0.339976639,0.069431849,9.373299599
14.65497444,-0.318428814,0.090979666,9.193734169
14.70497444,-0.311246216,0.04070143,9.157821655
14.75497444,-0.304063618,0.081402861,9.148244858
14.80497444,-0.33279404,0.112527482,9.244012833
14.85497444,-0.366312861,0.050278235,9.418789864
14.90497444,-0.287304193,0.098162271,9.440337181
14.95497444,-0.263362199,0.174776718,9.196128845
15.00497444,-0.284909993,0.08379706,9.145850182
15.05497444,-0.304063618,0.107739076,9.124302864
15.10497444,-0.308852017,0.100556471,9.162610054
15.15497444,-0.308852017,0.146046311,9.081207275
15.20497444,-0.318428814,0.090979666,9.255983353
15.25497444,-0.33279404,0.1316811,9.172186852
15.30497444,-0.337582439,0.138863698,9.191340446
15.35497444,-0.351947635,0.031124622,9.306262016
15.40497444,-0.308852017,0.088585466,9.141061783
15.45497444,-0.351947635,0.04070143,9.224859238
15.50497444,-0.304063618,0.179565132,8.951920509
15.55497444,-0.33279404,0.064643443,9.284713745
15.60497444,-0.313640416,0.093373865,9.18894577
15.65497444,-0.330399841,0.079008654,9.344569206
15.70497444,-0.265756398,0.263362199,9.179368973
15.75497444,-0.37110126,-0.026336219,9.768342972
15.80497444,-0.387860686,-0.055066638,9.91438961
15.85497444,-0.418985307,-0.021547815,10.12986755
15.90497444,-0.411802679,-0.021547815,10.24718285
15.95497444,-0.392649084,0.045489833,9.993397713
16.00497444,-0.390254885,-0.016759412,9.713275909
16.05497444,-0.356736064,-0.04309563,9.447520256
16.10497444,-0.361524463,-0.090979666,9.435548782
16.15497444,-0.316034615,-0.011971008,9.674968719
16.20497444,-0.313640416,0.002394202,9.794678688
16.25497444,-0.399831682,-0.004788403,9.88805294
16.30497444,-0.356736064,-0.055066638,9.813833237
16.35497444,-0.363918662,-0.002394202,9.639056206
16.40497444,-0.430956304,-0.105344877,9.871294022
16.45497444,-0.363918662,0.033518825,9.600749016
16.50497444,-0.318428814,-0.04070143,9.713275909
16.55497444,-0.342370838,-0.019153614,9.696516991
16.60497444,-0.380678058,-0.045489833,9.835380554
16.65497444,-0.414196909,0.026336219,9.591172218
16.70497444,-0.423773706,-0.136469498,9.902418137
16.75497444,-0.344765037,0.016759412,9.737217903
16.80497444,-0.299275219,0.023942016,9.689333916
16.85497444,-0.368707061,-0.112527482,9.919178009
16.90497444,-0.37110126,0.033518825,9.703699112
16.95497444,-0.37349546,0.023942016,9.780313492
17.00497444,-0.368707061,-0.01436521,9.777919769
17.05497444,-0.368707061,-0.019153614,9.794678688
17.10497444,-0.33279404,0.08379706,9.54807663
17.15497444,-0.33279404,-0.031124622,9.720458984
17.20497444,-0.356736064,0.02873042,9.696516991
17.25497444,-0.359130263,-0.01436521,9.856928825
17.30497444,-0.368707061,0.009576807,9.749189377
17.35497444,-0.421379507,-0.02873042,9.900024414
17.40497444,-0.347159237,0.079008654,9.595960617
17.45497444,-0.349553436,-0.007182605,9.734824181
17.50497444,-0.351947635,-0.04309563,9.739612579
17.55497444,-0.356736064,-0.026336219,9.895236015
17.60497444,-0.313640416,0.088585466,9.732429504
17.65497444,-0.320823014,0.038307227,9.825803757
17.70497444,-0.366312861,-0.033518825,9.847352028
17.75497444,-0.368707061,-0.031124622,9.866505623
17.80497444,-0.351947635,0.02873042,9.715670586
17.85497444,-0.328005642,0.033518825,9.797073364
17.90497444,-0.344765037,-0.016759412,9.799467087
17.95497444,-0.361524463,0.016759412,9.854534149
18.00497444,-0.320823014,0.117315881,9.588777542
18.05497444,-0.347159237,0.057460841,9.619902611
18.10497444,-0.356736064,0.031124622,9.646238327
18.15497444,-0.37349546,0.02873042,9.756371498
18.20497444,-0.402225882,0.08379706,9.813833237
18.25497444,-0.33279404,0.165199921,9.684545517
18.30497444,-0.392649084,0.002394202,9.904812813
18.35497444,-0.359130263,0.055066638,9.737217903
18.40497444,-0.433350503,-0.004788403,9.727641106
18.45497444,-0.33518824,0.059855044,9.710882187
18.50497444,-0.349553436,-0.023942016,9.847352028
18.55497444,-0.316034615,0.10295067,9.715670586
18.60497444,-0.395043284,0.090979666,9.722852707
18.65497444,-0.33518824,0.071826048,9.639056206
18.70497444,-0.323217243,0.045489833,9.794678688
18.75497444,-0.318428814,0.095768064,9.904812813
18.80497444,-0.375889659,0.071826048,9.895236015
18.85497444,-0.325611442,0.10295067,9.682151794
18.90497444,-0.347159237,0.004788403,9.868899345
18.95497444,-0.356736064,0.090979666,9.619902611
19.00497444,-0.311246216,0.114921682,9.665391922
19.05497444,-0.316034615,0.098162271,9.703699112
19.10497444,-0.383072257,0.02873042,9.900024414
19.15497444,-0.339976639,0.122104287,9.643844604
19.20497444,-0.363918662,0.098162271,9.655815125
19.25497444,-0.418985307,0.050278235,9.615114212
19.30497444,-0.411802679,0.035913024,9.710882187
19.35497444,-0.337582439,0.201112941,9.651026726
19.40497444,-0.337582439,0.08379706,9.84974575
19.45497444,-0.378283858,0.141257897,9.81143856
19.50497444,-0.407014281,0.052672438,9.854534149
19.55497444,-0.342370838,0.074220255,9.773131371
19.60497444,-0.318428814,0.057460841,9.658209801
19.65497444,-0.347159237,0.162805721,9.52173996
19.70497444,-0.438138902,0.050278235,9.976638794
19.75497444,-0.347159237,0.169988319,9.842563629
19.80497444,-0.392649084,0.112527482,9.797073364
19.85497444,-0.33279404,0.02873042,9.856928825
19.90497444,-0.311246216,0.179565132,9.641449928
19.95497444,-0.397437483,0.045489833,9.789890289
20.00497444,-0.378283858,0.16759412,9.567230225
20.05497444,-0.411802679,0.093373865,9.658209801
20.10497444,-0.359130263,0.14844051,9.696516991
20.15497444,-0.344765037,0.155623108,9.749189377
20.20497444,-0.383072257,0.105344877,9.825803757
20.25497444,-0.375889659,0.10295067,9.883264542
20.30497444,-0.380678058,0.129286885,9.773131371
20.35497444,-0.368707061,0.124498487,9.677363396
20.40497444,-0.33518824,0.126892686,9.715670586
20.45497444,-0.347159237,0.088585466,9.761159897
20.50497444,-0.344765037,0.081402861,9.782708168
20.55497444,-0.323217243,0.210689753,9.662998199
20.60497444,-0.320823014,0.174776718,9.672574997
20.65497444,-0.318428814,0.107739076,9.720458984
20.70497444,-0.325611442,0.095768064,9.732429504
20.75497444,-0.337582439,0.074220255,9.921571732
20.80497444,-0.361524463,0.136469498,9.823410034
20.85497444,-0.311246216,0.20350714,9.725247383
20.90497444,-0.308852017,0.090979666,9.751583099
20.95497444,-0.282515794,0.098162271,9.785101891
21.00497444,-0.344765037,0.143652096,9.682151794
21.05497444,-0.325611442,0.172382519,9.653421402
21.10497444,-0.383072257,0.110133275,9.727641106
21.15497444,-0.342370838,0.10295067,9.804255486
21.20497444,-0.337582439,0.110133275,9.785101891
21.25497444,-0.347159237,0.098162271,9.835380554
21.30497444,-0.33279404,0.155623108,9.775525093
21.35497444,-0.33279404,0.153228909,9.679757118
21.40497444,-0.294486821,0.114921682,9.727641106
21.45497444,-0.318428814,0.134075299,9.641449928
21.50497444,-0.308852017,0.119710088,9.734824181
21.55497444,-0.299275219,0.107739076,9.787496567
21.60497444,-0.328005642,0.189141929,9.617507935
21.65497444,-0.399831682,0.067037649,9.809044838
21.70497444,-0.306457818,0.143652096,9.753977776
21.75497444,-0.268150598,0.160411507,9.703699112
21.80497444,-0.318428814,0.129286885,9.720458984
21.85497444,-0.337582439,0.093373865,9.646238327
21.90497444,-0.287304193,0.069431849,9.789890289
21.95497444,-0.313640416,0.114921682,9.653421402
22.00497444,-0.320823014,0.10295067,9.730035782
22.05497444,-0.330399841,0.100556471,9.734824181
22.10497444,-0.378283858,0.100556471,9.768342972
22.15497444,-0.337582439,0.162805721,9.622296333
22.20497444,-0.287304193,0.10295067,9.701305389
22.25497444,-0.351947635,0.055066638,9.84974575
22.30497444,-0.354341865,0.117315881,9.756371498
22.35497444,-0.325611442,0.18674773,9.742006302
22.40497444,-0.433350503,0.062249243,9.900024414
22.45497444,-0.337582439,0.160411507,9.713275909
22.50497444,-0.306457818,0.086191259,9.787496567
22.55497444,-0.363918662,0.165199921,9.682151794
22.60497444,-0.344765037,0.100556471,9.703699112
22.65497444,-0.325611442,0.189141929,9.63666153
22.70497444,-0.337582439,0.112527482,9.840168953
22.75497444,-0.347159237,0.124498487,9.789890289
22.80497444,-0.359130263,0.126892686,9.768342972
22.85497444,-0.33518824,0.179565132,9.658209801
22.90497444,-0.361524463,0.10295067,9.832986832
22.95497444,-0.342370838,0.146046311,9.710882187
23.00497444,-0.323217243,0.143652096,9.844957352
23.05497444,-0.363918662,0.146046311,9.751583099
23.10497444,-0.375889659,0.069431849,9.852140427
23.15497444,-0.337582439,0.160411507,9.600749016
23.20497444,-0.339976639,0.112527482,9.696516991
23.25497444,-0.287304193,0.117315881,9.660603523
23.30497444,-0.306457818,-0.021547815,9.979032516
23.35497444,-0.301669419,0.136469498,9.801861763
23.40497444,-0.366312861,0.126892686,9.873687744
23.45497444,-0.344765037,0.172382519,9.88805294
23.50497444,-0.313640416,0.14844051,9.770736694
23.55497444,-0.258573771,0.067037649,9.81143856
23.60497444,-0.270544797,0.198718742,9.502586365
23.65497444,-0.323217243,0.117315881,9.701305389
23.70497444,-0.308852017,0.146046311,9.710882187
23.75497444,-0.378283858,0.268150598,9.686940193
23.80497444,-0.349553436,0.160411507,9.823410034
23.85497444,-0.337582439,0.124498487,9.835380554
23.90497444,-0.29688102,0.215478152,9.761159897
23.95497444,-0.251391172,0.196324542,9.84974575
24.00497444,-0.313640416,0.189141929,9.797073364
24.05497444,-0.347159237,0.196324542,9.835380554
24.10497444,-0.366312861,0.093373865,10.19211674
24.15497444,-0.421379507,0.067037649,10.3309803
24.20497444,-0.399831682,0.08379706,10.30224991
24.25497444,-0.383072257,0.136469498,10.37886429
24.30497444,-0.375889659,0.124498487,10.22802925
24.35497444,-0.342370838,0.069431849,10.06522369
24.40497444,-0.323217243,0.074220255,10.0317049
24.45497444,-0.416591108,-0.035913024,10.20408726
24.50497444,-0.313640416,0.124498487,10.04846478
24.55497444,-0.399831682,0.047884032,10.11789608
24.60497444,-0.354341865,0.050278235,10.15380955
24.65497444,-0.356736064,-0.016759412,10.30224991
24.70497444,-0.390254885,-0.002394202,10.23281765
24.75497444,-0.366312861,0.069431849,10.18253994
24.80497444,-0.402225882,0,10.21366405
24.85497444,-0.383072257,-0.009576807,10.31422138
24.90497444,-0.37349546,0.088585466,10.13465595
24.95497444,-0.37110126,-0.007182605,10.17535686
25.00497444,-0.37349546,-0.011971008,10.10831928
25.05497444,-0.361524463,-0.031124622,10.16338634
25.10497444,-0.33279404,0.026336219,10.12268448
25.15497444,-0.37349546,0.031124622,10.24478912
25.20497444,-0.40940848,0.026336219,10.25915432
25.25497444,-0.397437483,0.04070143,10.14662647
25.30497444,-0.395043284,0.021547815,10.17296314
25.35497444,-0.375889659,0.08379706,10.13226128
25.40497444,-0.37110126,0.093373865,10.0412817
25.45497444,-0.368707061,0.026336219,10.12268448
25.50497444,-0.363918662,0.076614454,9.988609314
25.55497444,-0.40940848,0.057460841,9.859322548
25.60497444,-0.351947635,0.021547815,9.962273598
25.65497444,-0.342370838,0.038307227,9.998186111
25.70497444,-0.363918662,0.076614454,9.993397713
25.75497444,-0.328005642,0.112527482,9.777919769
25.80497444,-0.399831682,0.04070143,10.01973438
25.85497444,-0.37349546,0.002394202,10.06761837
25.90497444,-0.289698392,0.208295554,9.749189377
25.95497444,-0.349553436,-0.038307227,10.17775154
26.00497444,-0.395043284,-0.18435353,10.57997704
26.05497444,-0.416591108,-0.016759412,10.35971069
26.10497444,-0.325611442,0.229843363,9.892841339
26.15497444,-0.280121595,0.284909993,9.502586365
26.20497444,-0.320823014,0.088585466,9.528923035
26.25497444,-0.227449164,0.244208574,9.311050415
26.30497444,-0.328005642,0.20590134,9.504981041
26.35497444,-0.225054964,0.165199921,9.710882187
26.40497444,-0.260968,0.356736064,9.677363396
26.45497444,-0.37349546,0.37110126,9.782708168
26.50497444,-0.287304193,0.347159237,9.715670586
26.55497444,-0.308852017,0.258573771,9.627084732
26.60497444,-0.316034615,0.198718742,9.892841339
26.65497444,-0.323217243,0.294486821,9.583989143
26.70497444,-0.325611442,0.138863698,9.959878922
26.75497444,-0.239420176,0.246602774,9.58638382
26.80497444,-0.282515794,0.179565132,9.765948296
26.85497444,-0.268150598,0.265756398,9.660603523
26.90497444,-0.275333196,0.229843363,9.856928825
26.95497444,-0.289698392,0.287304193,9.667786598
27.00497444,-0.354341865,0.16759412,9.84974575
27.05497444,-0.308852017,0.246602774,9.62469101
27.10497444,-0.304063618,0.119710088,9.81143856
27.15497444,-0.292092621,0.217872351,9.672574997
27.20497444,-0.280121595,0.191536129,9.708487511
27.25497444,-0.354341865,0.20350714,9.809044838
27.30497444,-0.330399841,0.225054964,9.730035782
27.35497444,-0.347159237,0.141257897,9.878476143
27.40497444,-0.308852017,0.265756398,9.674968719
27.45497444,-0.347159237,0.112527482,9.782708168
27.50497444,-0.328005642,0.160411507,9.572018623
27.55497444,-0.347159237,0.165199921,9.662998199
27.60497444,-0.320823014,0.239420176,9.667786598
27.65497444,-0.284909993,0.177170932,9.895236015
27.70497444,-0.368707061,0.098162271,10.07001209
27.75497444,-0.395043284,-0.004788403,10.25197124
27.80497444,-0.37349546,0.143652096,10.21845245
27.85497444,-0.330399841,0.220266551,9.91438961
27.90497444,-0.349553436,0.100556471,9.823410034
27.95497444,-0.33279404,0.019153614,9.454702377
28.00497444,-0.244208574,0.241814375,9.085995674
28.05497444,-0.169988319,0.696712673,8.51617527
28.10497444,-0.323217243,0.311246216,9.203310966
28.15497444,-0.320823014,0.153228909,9.746794701
28.20497444,-0.433350503,0.189141929,10.18253994
28.25497444,-0.375889659,0.311246216,10.3214035
28.30497444,-0.294486821,0.435744703,9.895236015
28.35497444,-0.263362199,0.18435353,9.797073364
28.40497444,-0.275333196,0.119710088,9.495404243
28.45497444,-0.361524463,0.124498487,9.607931137
28.50497444,-0.349553436,0.119710088,9.787496567
28.55497444,-0.280121595,0.349553436,9.603142738
28.60497444,-0.265756398,0.193930343,9.768342972
28.65497444,-0.304063618,0.100556471,9.856928825
28.70497444,-0.342370838,0.10295067,9.818621635
28.75497444,-0.318428814,0.074220255,9.919178009
28.80497444,-0.280121595,0.177170932,9.713275909
28.85497444,-0.33279404,0.160411507,9.670180321
28.90497444,-0.395043284,0.153228909,9.722852707
28.95497444,-0.44532153,0.253785372,9.665391922
29.00497444,-0.51954174,0.100556471,9.88805294
29.05497444,-0.517147541,0.179565132,9.701305389
29.10497444,-0.507570744,0.100556471,9.782708168
29.15497444,-0.397437483,0.215478152,9.629479408
29.20497444,-0.354341865,0.134075299,9.672574997
29.25497444,-0.354341865,0.181959331,9.662998199
29.30497444,-0.404620081,0.196324542,9.617507935
29.35497444,-0.490811348,0.18674773,9.835380554
29.40497444,-0.428562105,0.129286885,9.890447617
29.45497444,-0.426167905,0.316034615,9.552865028
29.50497444,-0.265756398,0.220266551,9.83777523
29.55497444,-0.220266551,0.301669419,9.737217903
29.60497444,-0.344765037,0.047884032,10.07001209
29.65497444,-0.306457818,0.225054964,9.777919769
29.70497444,-0.359130263,0.392649084,9.44512558
29.75497444,-0.361524463,0.237025961,9.871294022
29.80497444,-0.165199921,0.387860686,9.818621635
29.85497444,-0.462080926,0.241814375,10.01494598
29.90497444,-0.603338838,0.20350714,9.761159897
29.95497444,-0.29688102,0.117315881,9.612719536
30.00497444,-0.301669419,-0.007182605,9.703699112
30.05497444,-0.289698392,0.220266551,9.744400978
30.10497444,0.047884032,0.469263524,9.576807022
30.15497444,-0.031124622,0.328005642,9.842563629
30.20497444,-0.126892686,0.292092621,9.904812813
30.25497444,-0.229843363,0.289698392,9.777919769
30.30497444,-0.344765037,0.210689753,9.538499832
30.35497444,-0.16759412,0.263362199,9.378087997
30.40497444,-0.193930343,0.153228909,9.569623947
30.45497444,0.019153614,0.375889659,9.605537415
30.50497444,-0.100556471,0.220266551,10.0604353
30.55497444,-0.191536129,0.385466486,9.856928825
30.60497444,-0.497993946,-0.237025961,10.10592556
30.65497444,-0.620098233,-0.136469498,9.399636269
30.70497444,-0.33279404,-0.090979666,9.583989143
30.75497444,-0.174776718,0.165199921,9.507374763
30.80497444,-0.450109929,-0.002394202,10.0269165
30.85497444,-0.280121595,0.114921682,9.797073364
30.90497444,-0.318428814,0.272938997,9.639056206
30.95497444,-0.418985307,0.392649084,9.58638382
31.00497444,-0.414196909,0.328005642,9.96466732
31.05497444,-0.387860686,0.337582439,9.962273598
31.10497444,-0.201112941,0.529118598,9.701305389
31.15497444,-0.241814375,0.548272193,9.476250648
31.20497444,-0.201112941,0,9.983820915
31.25497444,-0.136469498,0.318428814,9.354146004
31.30497444,-0.313640416,0.37349546,9.612719536
31.35497444,-0.246602774,0.304063618,10.00058079
31.40497444,-0.055066638,0.433350503,9.892841339
31.45497444,-0.258573771,0.404620081,9.873687744
31.50497444,-0.433350503,0.201112941,10.0317049
31.55497444,-0.366312861,0.244208574,9.722852707
31.60497444,-0.318428814,0.158017308,9.519346237
31.65497444,-0.035913024,0.093373865,9.48343277
31.70497444,0.026336219,-0.045489833,9.610325813
31.75497444,-0.169988319,-0.237025961,10.08437729
31.80497444,-0.150834709,0.304063618,9.399636269
31.85497444,-0.172382519,-0.02873042,9.648633003
31.90497444,-0.04070143,-0.196324542,9.746794701
31.95497444,-0.069431849,-0.227449164,9.878476143
32.00497444,-0.093373865,0.136469498,9.591172218
32.05497444,-0.438138902,0.117315881,9.715670586
32.10497444,-0.514753342,0.153228909,9.655815125
32.15497444,-0.591367841,0.122104287,9.737217903
32.20497444,-0.509964943,0.347159237,9.744400978
32.25497444,-0.703895271,0.280121595,10.00297451
32.30497444,-0.629675031,0.440533102,9.919178009
32.35497444,-0.462080926,0.248996973,9.821015358
32.40497444,-0.478840351,0.208295554,9.777919769
32.45497444,-0.337582439,0.265756398,9.449913979
32.50497444,-0.407014281,0.08379706,9.737217903
32.55497444,-0.258573771,0.208295554,9.739612579
32.60497444,-0.351947635,0.387860686,9.519346237
32.65497444,-0.095768064,0.229843363,9.698910713
32.70497444,-0.124498487,0.162805721,9.732429504
32.75497444,-0.007182605,0.220266551,9.730035782
32.80497444,0.079008654,0.399831682,9.799467087
32.85497444,-0.229843363,0.241814375,10.0604353
32.90497444,-0.119710088,0.368707061,9.830592155
32.95497444,-0.189141929,0.289698392,9.787496567
33.00497444,-0.141257897,0.114921682,9.780313492
33.05497444,-0.007182605,0.158017308,9.48343277
33.10497444,0.047884032,0.124498487,9.378087997
33.15497444,0.124498487,0.019153614,9.720458984
33.20497444,0.294486821,0.239420176,9.684545517
33.25497444,0.392649084,0.20590134,9.995792389
33.30497444,0.002394202,-0.16759412,10.15380955
33.35497444,0.079008654,0.033518825,9.504981041
33.40497444,0.067037649,0.009576807,9.646238327
33.45497444,0.050278235,0.009576807,9.552865028
33.50497444,-0.002394202,0.146046311,9.543288231
33.55497444,0.114921682,0.18674773,9.653421402
33.60497444,0.057460841,0.210689753,9.83777523
33.65497444,-0.031124622,0.215478152,9.746794701
33.70497444,-0.050278235,0.220266551,9.861717224
33.75497444,-0.251391172,0.268150598,9.840168953
33.80497444,-0.433350503,0.287304193,9.971850395
33.85497444,-0.495599747,0.196324542,9.852140427
33.90497444,-0.237025961,0.007182605,9.818621635
33.95497444,-0.213083953,0.062249243,9.440337181
34.00497444,-0.16759412,-0.294486821,10.0269165
34.05497444,-0.095768064,0.20590134,9.593565941
34.10497444,-0.237025961,0.08379706,9.864110947
34.15497444,-0.234631762,0.196324542,9.844957352
34.20497444,-0.385466486,-0.031124622,9.897629738
34.25497444,-0.222660765,-0.064643443,9.806650162
34.30497444,-0.256179571,0.009576807,9.56004715
34.35497444,-0.122104287,0.079008654,9.62469101
34.40497444,-0.10295067,-0.031124622,9.844957352
34.45497444,-0.129286885,0.090979666,9.610325813
34.50497444,-0.114921682,0.011971008,9.775525093
34.55497444,-0.18674773,-0.002394202,9.739612579
34.60497444,-0.210689753,0.016759412,9.765948296
34.65497444,-0.299275219,0.026336219,9.730035782
34.70497444,-0.280121595,-0.004788403,9.720458984
34.75497444,-0.33279404,-0.031124622,9.701305389
34.80497444,-0.189141929,-0.01436521,9.725247383
34.85497444,-0.215478152,-0.062249243,9.725247383
34.90497444,-0.213083953,-0.052672438,9.84974575
34.95497444,-0.198718742,-0.023942016,9.639056206
35.00497444,-0.225054964,-0.090979666,9.677363396
35.05497444,-0.227449164,-0.134075299,9.828198433
35.10497444,-0.260968,-0.079008654,9.768342972
35.15497444,-0.241814375,-0.071826048,9.792284966
35.20497444,-0.225054964,-0.076614454,9.792284966
35.25497444,-0.234631762,-0.129286885,9.777919769
35.30497444,-0.191536129,-0.047884032,9.691728592
35.35497444,-0.222660765,-0.064643443,9.722852707
35.40497444,-0.229843363,-0.086191259,9.686940193
35.45497444,-0.260968,-0.081402861,9.785101891
35.50497444,-0.210689753,-0.105344877,9.813833237
35.55497444,-0.20590134,-0.069431849,9.751583099
35.60497444,-0.239420176,-0.062249243,9.787496567
35.65497444,-0.210689753,-0.01436521,9.710882187
35.70497444,-0.318428814,-0.124498487,9.83777523
35.75497444,-0.229843363,-0.04070143,9.746794701
35.80497444,-0.272938997,-0.064643443,9.797073364
35.85497444,-0.268150598,-0.069431849,9.777919769
35.90497444,-0.282515794,-0.074220255,9.737217903
35.95497444,-0.234631762,-0.04309563,9.763554573
36.00497444,-0.215478152,0.02873042,9.701305389
36.05497444,-0.258573771,-0.047884032,9.799467087
36.10497444,-0.270544797,0,9.674968719
36.15497444,-0.29688102,-0.067037649,9.739612579
36.20497444,-0.280121595,-0.01436521,9.725247383
36.25497444,-0.234631762,0.009576807,9.715670586
36.30497444,-0.263362199,-0.086191259,9.794678688
36.35497444,-0.246602774,-0.019153614,9.739612579
36.40497444,-0.318428814,-0.052672438,9.787496567
36.45497444,-0.282515794,0.033518825,9.672574997
36.50497444,-0.308852017,-0.129286885,9.830592155
36.55497444,-0.282515794,-0.031124622,9.785101891
36.60497444,-0.268150598,-0.016759412,9.722852707
36.65497444,-0.260968,-0.047884032,9.835380554
36.70497444,-0.294486821,-0.050278235,9.871294022
36.75497444,-0.232237563,0.031124622,9.63666153
36.80497444,-0.270544797,-0.059855044,9.806650162
36.85497444,-0.251391172,0.004788403,9.612719536
36.90497444,-0.299275219,-0.079008654,9.734824181
36.95497444,-0.213083953,-0.019153614,9.823410034
37.00497444,-0.256179571,-0.055066638,9.885659218
37.05497444,-0.232237563,-0.064643443,9.823410034
37.10497444,-0.282515794,-0.095768064,9.768342972
37.15497444,-0.294486821,-0.08379706,9.600749016
37.20497444,-0.265756398,-0.04309563,9.696516991
37.25497444,-0.251391172,-0.011971008,9.674968719
37.30497444,-0.282515794,-0.035913024,9.880870819
37.35497444,-0.232237563,-0.059855044,9.84974575
37.40497444,-0.299275219,-0.16759412,9.818621635
37.45497444,-0.275333196,-0.045489833,9.703699112
37.50497444,-0.196324542,-0.047884032,9.742006302
37.55497444,-0.256179571,-0.100556471,9.825803757
37.60497444,-0.258573771,-0.086191259,9.63666153
37.65497444,-0.232237563,-0.074220255,9.792284966
37.70497444,-0.217872351,0.002394202,9.670180321
37.75497444,-0.251391172,-0.165199921,9.852140427
37.80497444,-0.237025961,-0.038307227,9.689333916
37.85497444,-0.280121595,-0.088585466,9.746794701
37.90497444,-0.287304193,-0.04070143,9.703699112
37.95497444,-0.304063618,-0.10295067,9.890447617
38.00497444,-0.258573771,-0.098162271,9.770736694
38.05497444,-0.277727395,-0.067037649,9.746794701
38.10497444,-0.270544797,-0.079008654,9.742006302
38.15497444,-0.323217243,-0.057460841,9.646238327
38.20497444,-0.33279404,-0.155623108,9.842563629
38.25497444,-0.287304193,-0.02873042,9.701305389
38.30497444,-0.339976639,-0.064643443,9.768342972
38.35497444,-0.299275219,-0.055066638,9.725247383
38.40497444,-0.349553436,-0.090979666,9.694122314
38.45497444,-0.299275219,-0.112527482,9.777919769
38.50497444,-0.277727395,-0.055066638,9.696516991
38.55497444,-0.294486821,-0.071826048,9.725247383
38.60497444,-0.325611442,-0.141257897,9.801861763
38.65497444,-0.344765037,-0.067037649,9.765948296
38.70497444,-0.265756398,-0.069431849,9.696516991
38.75497444,-0.260968,-0.069431849,9.694122314
38.80497444,-0.260968,-0.150834709,9.883264542
38.85497444,-0.299275219,-0.110133275,9.801861763
38.90497444,-0.277727395,-0.08379706,9.780313492
38.95497444,-0.220266551,-0.026336219,9.674968719
39.00497444,-0.282515794,-0.112527482,9.720458984
39.05497444,-0.294486821,-0.122104287,9.742006302
39.10497444,-0.33518824,-0.146046311,9.686940193
39.15497444,-0.299275219,-0.035913024,9.713275909
39.20497444,-0.248996973,-0.08379706,9.758766174
39.25497444,-0.268150598,-0.052672438,9.720458984
39.30497444,-0.287304193,-0.105344877,9.852140427
39.35497444,-0.299275219,-0.100556471,9.749189377
39.40497444,-0.328005642,-0.124498487,9.787496567
39.45497444,-0.301669419,-0.150834709,9.746794701
39.50497444,-0.280121595,-0.088585466,9.672574997
39.55497444,-0.294486821,-0.134075299,9.744400978
39.60497444,-0.251391172,-0.153228909,9.794678688
39.65497444,-0.289698392,-0.141257897,9.761159897
39.70497444,-0.284909993,-0.124498487,9.732429504
39.75497444,-0.282515794,-0.141257897,9.677363396
39.80497444,-0.368707061,-0.174776718,9.780313492
39.85497444,-0.244208574,-0.090979666,9.782708168
39.90497444,-0.253785372,-0.086191259,9.782708168
39.95497444,-0.316034615,-0.165199921,9.816226959
40.00497444,-0.354341865,-0.071826048,9.59835434
40.05497444,-0.316034615,-0.177170932,9.832986832
40.10497444,-0.292092621,-0.08379706,9.667786598
40.15497444,-0.320823014,-0.112527482,9.804255486
40.20497444,-0.311246216,-0.10295067,9.758766174
40.25497444,-0.323217243,-0.112527482,9.761159897
40.30497444,-0.316034615,-0.057460841,9.718064308
40.35497444,-0.318428814,-0.100556471,9.751583099
40.40497444,-0.344765037,-0.069431849,9.730035782
40.45497444,-0.368707061,-0.090979666,9.629479408
40.50497444,-0.354341865,-0.10295067,9.83777523
40.55497444,-0.292092621,-0.023942016,9.574412346
40.60497444,-0.292092621,-0.160411507,9.931148529
40.65497444,-0.363918662,-0.057460841,9.725247383
40.70497444,-0.392649084,-0.107739076,9.775525093
40.75497444,-0.311246216,-0.110133275,9.785101891
40.80497444,-0.354341865,-0.093373865,9.708487511
40.85497444,-0.323217243,-0.122104287,9.765948296
40.90497444,-0.320823014,-0.124498487,9.718064308
40.95497444,-0.330399841,-0.086191259,9.734824181
41.00497444,-0.299275219,-0.086191259,9.770736694
41.05497444,-0.351947635,-0.074220255,9.751583099
41.10497444,-0.385466486,-0.119710088,9.787496567
41.15497444,-0.337582439,-0.055066638,9.691728592
41.20497444,-0.277727395,-0.090979666,9.691728592
41.25497444,-0.284909993,-0.129286885,9.749189377
41.30497444,-0.325611442,-0.069431849,9.739612579
41.35497444,-0.363918662,-0.071826048,9.780313492
41.40497444,-0.318428814,-0.08379706,9.789890289
41.45497444,-0.344765037,-0.069431849,9.708487511
41.50497444,-0.292092621,-0.055066638,9.753977776
41.55497444,-0.323217243,-0.10295067,9.792284966
41.60497444,-0.299275219,-0.114921682,9.801861763
41.65497444,-0.313640416,-0.079008654,9.777919769
41.70497444,-0.347159237,-0.1316811,9.797073364
41.75497444,-0.33279404,-0.052672438,9.646238327
41.80497444,-0.361524463,-0.105344877,9.713275909
41.85497444,-0.299275219,-0.124498487,9.813833237
41.90497444,-0.325611442,-0.112527482,9.746794701
41.95497444,-0.33279404,-0.090979666,9.801861763
42.00497444,-0.330399841,-0.074220255,9.58638382
42.05497444,-0.318428814,-0.112527482,9.813833237
42.10497444,-0.33518824,-0.153228909,9.799467087
42.15497444,-0.29688102,-0.035913024,9.655815125
42.20497444,-0.361524463,-0.134075299,9.773131371
42.25497444,-0.311246216,-0.126892686,9.773131371
42.30497444,-0.301669419,-0.076614454,9.696516991
42.35497444,-0.311246216,-0.134075299,9.710882187
42.40497444,-0.294486821,-0.079008654,9.639056206
42.45497444,-0.328005642,-0.064643443,9.679757118
42.50497444,-0.306457818,-0.107739076,9.806650162
42.55497444,-0.268150598,-0.076614454,9.780313492
42.60497444,-0.33279404,-0.143652096,9.864110947
42.65497444,-0.311246216,-0.067037649,9.703699112
42.70497444,-0.29688102,-0.107739076,9.619902611
42.75497444,-0.342370838,-0.169988319,9.931148529
42.80497444,-0.263362199,-0.067037649,9.756371498
42.85497444,-0.287304193,-0.074220255,9.770736694
42.90497444,-0.289698392,-0.067037649,9.698910713
42.95497444,-0.292092621,-0.138863698,9.722852707
43.00497444,-0.308852017,-0.10295067,9.689333916
43.05497444,-0.301669419,-0.112527482,9.758766174
43.10497444,-0.337582439,-0.10295067,9.718064308
43.15497444,-0.306457818,-0.052672438,9.674968719
43.20497444,-0.277727395,-0.14844051,9.768342972
43.25497444,-0.256179571,-0.086191259,9.813833237
43.30497444,-0.280121595,-0.107739076,9.725247383
43.35497444,-0.301669419,-0.122104287,9.787496567
43.40497444,-0.318428814,-0.1316811,9.715670586
43.45497444,-0.299275219,-0.181959331,9.804255486
43.50497444,-0.241814375,-0.1316811,9.749189377
43.55497444,-0.299275219,-0.146046311,9.773131371
43.60497444,-0.272938997,-0.169988319,9.825803757
43.65497444,-0.289698392,-0.138863698,9.737217903
43.70497444,-0.272938997,-0.138863698,9.787496567
43.75497444,-0.299275219,-0.16759412,9.761159897
43.80497444,-0.282515794,-0.150834709,9.744400978
43.85497444,-0.284909993,-0.117315881,9.658209801
43.90497444,-0.304063618,-0.208295554,9.799467087
43.95497444,-0.253785372,-0.088585466,9.777919769
44.00497444,-0.220266551,-0.090979666,9.730035782
44.05497444,-0.256179571,-0.124498487,9.787496567
44.10497444,-0.287304193,-0.143652096,9.84974575
44.15497444,-0.270544797,-0.052672438,9.653421402
44.20497444,-0.239420176,-0.136469498,9.746794701
44.25497444,-0.299275219,-0.124498487,9.725247383
44.30497444,-0.275333196,-0.110133275,9.708487511
44.35497444,-0.313640416,-0.158017308,9.734824181
44.40497444,-0.29688102,-0.090979666,9.660603523
44.45497444,-0.294486821,-0.1316811,9.787496567
44.50497444,-0.311246216,-0.146046311,9.751583099
44.55497444,-0.304063618,-0.105344877,9.789890289
44.60497444,-0.318428814,-0.1316811,9.725247383
44.65497444,-0.33518824,-0.088585466,9.631873131
44.70497444,-0.33279404,-0.155623108,9.715670586
44.75497444,-0.289698392,-0.222660765,9.88805294
44.80497444,-0.289698392,-0.172382519,9.775525093
44.85497444,-0.275333196,-0.160411507,9.744400978
44.90497444,-0.320823014,-0.234631762,9.835380554
44.95497444,-0.284909993,-0.155623108,9.648633003
45.00497444,-0.306457818,-0.16759412,9.763554573
45.05497444,-0.287304193,-0.098162271,9.629479408
45.10497444,-0.306457818,-0.18435353,9.928754807
45.15497444,-0.301669419,-0.150834709,9.773131371
45.20497444,-0.299275219,-0.20350714,9.859322548
45.25497444,-0.299275219,-0.122104287,9.691728592
45.30497444,-0.277727395,-0.18435353,9.794678688
45.35497444,-0.277727395,-0.112527482,9.670180321
45.40497444,-0.294486821,-0.162805721,9.770736694
45.45497444,-0.304063618,-0.143652096,9.722852707
45.50497444,-0.359130263,-0.160411507,9.744400978
45.55497444,-0.347159237,-0.126892686,9.694122314
45.60497444,-0.260968,-0.122104287,9.696516991
45.65497444,-0.33518824,-0.181959331,9.825803757
45.70497444,-0.294486821,-0.129286885,9.770736694
45.75497444,-0.380678058,-0.160411507,9.713275909
45.80497444,-0.265756398,-0.141257897,9.646238327
45.85497444,-0.289698392,-0.213083953,9.742006302
45.90497444,-0.287304193,-0.225054964,9.710882187
45.95497444,-0.287304193,-0.210689753,9.801861763
46.00497444,-0.260968,-0.18435353,9.579200745
46.05497444,-0.246602774,-0.019153614,9.337387085
46.10497444,-0.280121595,-0.047884032,9.258378029
46.15497444,-0.316034615,-0.165199921,9.495404243
46.20497444,-0.356736064,-0.347159237,9.83777523
46.25497444,-0.29688102,-0.181959331,9.859322548
46.30497444,-0.323217243,-0.119710088,9.677363396
46.35497444,-0.301669419,-0.093373865,9.631873131
46.40497444,-0.256179571,-0.079008654,9.315838814
46.45497444,-0.282515794,-0.177170932,9.418789864
46.50497444,-0.282515794,-0.150834709,9.332598686
46.55497444,-0.287304193,-0.107739076,9.284713745
46.60497444,-0.304063618,-0.088585466,9.447520256
46.65497444,-0.33518824,-0.124498487,9.579200745
46.70497444,-0.292092621,-0.067037649,9.524134636
46.75497444,-0.311246216,-0.062249243,9.461885452
46.80497444,-0.280121595,-0.050278235,9.220070839
46.85497444,-0.313640416,-0.146046311,9.342175484
46.90497444,-0.304063618,-0.169988319,9.3685112
46.95497444,-0.325611442,-0.10295067,9.244012833
47.00497444,-0.292092621,-0.064643443,9.287108421
47.05497444,-0.306457818,-0.158017308,9.370905876
47.10497444,-0.33518824,-0.107739076,9.30386734
47.15497444,-0.292092621,-0.088585466,9.313444138
47.20497444,-0.294486821,-0.119710088,9.246406555
47.25497444,-0.301669419,-0.136469498,9.299078941
47.30497444,-0.256179571,-0.136469498,9.198522568
47.35497444,-0.325611442,-0.136469498,9.224859238
47.40497444,-0.280121595,-0.129286885,9.191340446
47.45497444,-0.33279404,-0.124498487,9.275136948
47.50497444,-0.313640416,-0.169988319,9.370905876
47.55497444,-0.316034615,-0.069431849,9.203310966
47.60497444,-0.308852017,-0.1316811,9.255983353
47.65497444,-0.320823014,-0.107739076,9.145850182
47.70497444,-0.33279404,-0.189141929,9.248801231
47.75497444,-0.342370838,-0.124498487,9.308655739
47.80497444,-0.361524463,-0.031124622,9.124302864
47.85497444,-0.316034615,-0.153228909,9.370905876
47.90497444,-0.313640416,-0.10295067,9.220070839
47.95497444,-0.29688102,-0.112527482,9.361329079
48.00497444,-0.313640416,-0.124498487,9.184157372
48.05497444,-0.323217243,-0.016759412,9.126696587
48.10497444,-0.323217243,-0.181959331,9.488221169
48.15497444,-0.347159237,-0.316034615,10.03888798
48.20497444,-0.339976639,-0.251391172,10.08198357
48.25497444,-0.368707061,-0.217872351,10.14902115
48.30497444,-0.351947635,-0.122104287,9.866505623
48.35497444,-0.323217243,-0.189141929,9.670180321
48.40497444,-0.330399841,-0.316034615,9.612719536
48.45497444,-0.383072257,-0.292092621,9.526528358
48.50497444,-0.33518824,-0.311246216,9.799467087
48.55497444,-0.292092621,-0.248996973,9.806650162
48.60497444,-0.37110126,-0.191536129,9.797073364
48.65497444,-0.344765037,-0.234631762,9.809044838
48.70497444,-0.392649084,-0.256179571,9.737217903
48.75497444,-0.375889659,-0.225054964,9.720458984
48.80497444,-0.347159237,-0.251391172,9.727641106
48.85497444,-0.349553436,-0.217872351,9.703699112
48.90497444,-0.37349546,-0.225054964,9.751583099
48.95497444,-0.323217243,-0.213083953,9.847352028
49.00497444,-0.287304193,-0.155623108,9.737217903
49.05497444,-0.282515794,-0.198718742,9.698910713
49.10497444,-0.37110126,-0.277727395,9.775525093
49.15497444,-0.347159237,-0.179565132,9.634267807
49.20497444,-0.320823014,-0.253785372,9.852140427
49.25497444,-0.320823014,-0.143652096,9.574412346
49.30497444,-0.318428814,-0.258573771,9.81143856
49.35497444,-0.339976639,-0.196324542,9.703699112
49.40497444,-0.361524463,-0.299275219,9.823410034
49.45497444,-0.304063618,-0.160411507,9.653421402
49.50497444,-0.342370838,-0.198718742,9.710882187
49.55497444,-0.361524463,-0.265756398,9.842563629
49.60497444,-0.347159237,-0.222660765,9.797073364
49.65497444,-0.313640416,-0.220266551,9.792284966
49.70497444,-0.337582439,-0.177170932,9.634267807
49.75497444,-0.337582439,-0.232237563,9.739612579
49.80497444,-0.339976639,-0.260968,9.775525093
49.85497444,-0.292092621,-0.189141929,9.732429504
49.90497444,-0.320823014,-0.234631762,9.737217903
49.95497444,-0.339976639,-0.210689753,9.648633003
50.00497444,-0.354341865,-0.280121595,9.706093788
50.05497444,-0.337582439,-0.287304193,9.840168953
50.10497444,-0.275333196,-0.155623108,9.660603523
50.15497444,-0.368707061,-0.292092621,9.931148529
50.20497444,-0.37349546,-0.248996973,9.878476143
50.25497444,-0.328005642,-0.20590134,9.787496567
50.30497444,-0.366312861,-0.229843363,9.797073364
50.35497444,-0.375889659,-0.227449164,9.832986832
50.40497444,-0.318428814,-0.189141929,9.634267807
50.45497444,-0.337582439,-0.169988319,9.569623947
50.50497444,-0.351947635,-0.284909993,9.773131371
50.55497444,-0.347159237,-0.210689753,9.682151794
50.60497444,-0.395043284,-0.234631762,9.715670586
50.65497444,-0.342370838,-0.189141929,9.813833237
50.70497444,-0.316034615,-0.117315881,9.703699112
50.75497444,-0.368707061,-0.198718742,9.821015358
50.80497444,-0.399831682,-0.265756398,9.785101891
50.85497444,-0.37110126,-0.14844051,9.634267807
50.90497444,-0.359130263,-0.201112941,9.720458984
50.95497444,-0.361524463,-0.146046311,9.689333916
51.00497444,-0.392649084,-0.222660765,9.84974575
51.05497444,-0.347159237,-0.191536129,9.761159897
51.10497444,-0.361524463,-0.18674773,9.691728592
51.15497444,-0.37349546,-0.181959331,9.701305389
51.20497444,-0.375889659,-0.196324542,9.756371498
51.25497444,-0.33279404,-0.124498487,9.775525093
51.30497444,-0.359130263,-0.189141929,9.842563629
51.35497444,-0.328005642,-0.129286885,9.691728592
51.40497444,-0.40940848,-0.198718742,9.720458984
51.45497444,-0.323217243,-0.18435353,9.722852707
51.50497444,-0.342370838,-0.198718742,9.756371498
51.55497444,-0.344765037,-0.124498487,9.799467087
51.60497444,-0.344765037,-0.090979666,9.694122314
51.65497444,-0.37349546,-0.162805721,9.768342972
51.70497444,-0.397437483,-0.18674773,9.63666153
51.75497444,-0.342370838,-0.14844051,9.605537415
51.80497444,-0.308852017,-0.134075299,9.684545517
51.85497444,-0.354341865,-0.246602774,9.890447617
51.90497444,-0.399831682,-0.193930343,9.866505623
51.95497444,-0.366312861,-0.162805721,9.744400978
52.00497444,-0.356736064,-0.172382519,9.789890289
52.05497444,-0.407014281,-0.20590134,9.720458984
52.10497444,-0.337582439,-0.208295554,9.718064308
52.15497444,-0.368707061,-0.193930343,9.629479408
52.20497444,-0.395043284,-0.213083953,9.576807022
52.25497444,-0.33279404,-0.220266551,9.706093788
52.30497444,-0.347159237,-0.141257897,9.694122314
52.35497444,-0.380678058,-0.20590134,9.81143856
52.40497444,-0.375889659,-0.277727395,9.88805294
52.45497444,-0.356736064,-0.1316811,9.631873131
52.50497444,-0.339976639,-0.237025961,9.81143856
52.55497444,-0.387860686,-0.294486821,9.830592155
52.60497444,-0.316034615,-0.119710088,9.684545517
52.65497444,-0.339976639,-0.210689753,9.801861763
52.70497444,-0.363918662,-0.229843363,9.746794701
52.75497444,-0.282515794,-0.177170932,9.653421402
52.80497444,-0.363918662,-0.229843363,9.782708168
52.85497444,-0.359130263,-0.162805721,9.770736694
52.90497444,-0.375889659,-0.217872351,9.81143856
52.95497444,-0.387860686,-0.193930343,9.722852707
53.00497444,-0.383072257,-0.229843363,9.825803757
53.05497444,-0.339976639,-0.146046311,9.710882187
53.10497444,-0.366312861,-0.14844051,9.660603523
53.15497444,-0.37349546,-0.181959331,9.665391922
53.20497444,-0.399831682,-0.287304193,9.866505623
53.25497444,-0.366312861,-0.213083953,9.787496567
53.30497444,-0.325611442,-0.1316811,9.780313492
53.35497444,-0.390254885,-0.181959331,9.691728592
53.40497444,-0.387860686,-0.189141929,9.789890289
53.45497444,-0.354341865,-0.225054964,9.734824181
53.50497444,-0.359130263,-0.208295554,9.756371498
53.55497444,-0.330399841,-0.090979666,9.552865028
53.60497444,-0.359130263,-0.198718742,9.816226959
53.65497444,-0.390254885,-0.227449164,9.770736694
53.70497444,-0.407014281,-0.225054964,9.809044838
53.75497444,-0.349553436,-0.189141929,9.809044838
53.80497444,-0.383072257,-0.229843363,9.873687744
53.85497444,-0.349553436,-0.122104287,9.679757118
53.90497444,-0.359130263,-0.20350714,9.809044838
53.95497444,-0.387860686,-0.268150598,9.828198433
54.00497444,-0.363918662,-0.177170932,9.720458984
54.05497444,-0.339976639,-0.134075299,9.682151794
54.10497444,-0.361524463,-0.196324542,9.751583099
54.15497444,-0.368707061,-0.18435353,9.622296333
54.20497444,-0.363918662,-0.20590134,9.706093788
54.25497444,-0.385466486,-0.265756398,9.883264542
54.30497444,-0.359130263,-0.124498487,9.703699112
54.35497444,-0.347159237,-0.117315881,9.631873131
54.40497444,-0.37349546,-0.260968,9.852140427
54.45497444,-0.392649084,-0.18435353,9.715670586
54.50497444,-0.380678058,-0.174776718,9.588777542
54.55497444,-0.356736064,-0.210689753,9.794678688
54.60497444,-0.328005642,-0.191536129,9.777919769
54.65497444,-0.423773706,-0.241814375,9.883264542
54.70497444,-0.404620081,-0.158017308,9.686940193
54.75497444,-0.378283858,-0.18674773,9.706093788
54.80497444,-0.380678058,-0.234631762,9.749189377
54.85497444,-0.366312861,-0.229843363,9.758766174
54.90497444,-0.392649084,-0.241814375,9.753977776
54.95497444,-0.361524463,-0.222660765,9.768342972
55.00497444,-0.359130263,-0.181959331,9.634267807
55.05497444,-0.385466486,-0.241814375,9.773131371
55.10497444,-0.37349546,-0.20590134,9.725247383
55.15497444,-0.375889659,-0.215478152,9.809044838
55.20497444,-0.349553436,-0.225054964,9.732429504
55.25497444,-0.378283858,-0.213083953,9.639056206
55.30497444,-0.380678058,-0.263362199,9.775525093
55.35497444,-0.347159237,-0.229843363,9.770736694
55.40497444,-0.399831682,-0.265756398,9.87608242
55.45497444,-0.407014281,-0.217872351,9.753977776
55.50497444,-0.440533102,-0.234631762,9.682151794
55.55497444,-0.387860686,-0.239420176,9.639056206
55.60497444,-0.366312861,-0.241814375,9.627084732
55.65497444,-0.392649084,-0.299275219,9.804255486
55.70497444,-0.37349546,-0.18435353,9.643844604
55.75497444,-0.390254885,-0.227449164,9.758766174
55.80497444,-0.426167905,-0.299275219,9.890447617
55.85497444,-0.414196909,-0.258573771,9.698910713
55.90497444,-0.407014281,-0.222660765,9.708487511
55.95497444,-0.390254885,-0.268150598,9.751583099
56.00497444,-0.430956304,-0.270544797,9.727641106
56.05497444,-0.440533102,-0.265756398,9.667786598
56.10497444,-0.40940848,-0.304063618,9.763554573
56.15497444,-0.402225882,-0.227449164,9.720458984
56.20497444,-0.40940848,-0.265756398,9.832986832
56.25497444,-0.440533102,-0.29688102,9.801861763
56.30497444,-0.452504128,-0.232237563,9.583989143
56.35497444,-0.442927301,-0.33279404,9.777919769
56.40497444,-0.392649084,-0.251391172,9.665391922
56.45497444,-0.387860686,-0.299275219,9.720458984
56.50497444,-0.404620081,-0.311246216,9.763554573
56.55497444,-0.404620081,-0.320823014,9.813833237
56.60497444,-0.414196909,-0.251391172,9.710882187
56.65497444,-0.40940848,-0.306457818,9.773131371
56.70497444,-0.385466486,-0.251391172,9.799467087
56.75497444,-0.40940848,-0.40940848,10.12507915
56.80497444,-0.44532153,-0.426167905,10.39083576
56.85497444,-0.414196909,-0.318428814,10.22802925
56.90497444,-0.478840351,-0.325611442,10.25915432
56.95497444,-0.435744703,-0.277727395,10.10592556
57.00497444,-0.404620081,-0.457292527,10.33337498
57.05497444,-0.380678058,-0.407014281,10.15859795
57.10497444,-0.418985307,-0.265756398,9.907206535
57.15497444,-0.44771573,-0.344765037,10.05804157
57.20497444,-0.418985307,-0.390254885,10.20887566
57.25497444,-0.433350503,-0.361524463,10.20648193
57.30497444,-0.37110126,-0.323217243,10.18014526
57.35497444,-0.402225882,-0.375889659,10.17535686
57.40497444,-0.383072257,-0.387860686,10.12507915
57.45497444,-0.402225882,-0.462080926,10.3214035
57.50497444,-0.423773706,-0.349553436,10.13704967
57.55497444,-0.404620081,-0.387860686,10.17775154
57.60497444,-0.404620081,-0.399831682,10.14902115
57.65497444,-0.44532153,-0.464475125,10.29027843
57.70497444,-0.416591108,-0.325611442,10.03409958
57.75497444,-0.426167905,-0.383072257,10.08677197
57.80497444,-0.426167905,-0.37110126,10.20648193
57.85497444,-0.387860686,-0.328005642,10.11071396
57.90497444,-0.438138902,-0.347159237,10.16338634
57.95497444,-0.493205547,-0.411802679,10.18493366
58.00497444,-0.466869324,-0.287304193,9.971850395
58.05497444,-0.385466486,-0.404620081,10.0269165
58.10497444,-0.450109929,-0.37349546,10.0604353
58.15497444,-0.500388145,-0.368707061,10.00776291
58.20497444,-0.521935999,-0.361524463,9.928754807
58.25497444,-0.500388145,-0.44771573,10.08916569
58.30497444,-0.481234551,-0.351947635,9.91438961
58.35497444,-0.495599747,-0.421379507,9.993397713
58.40497444,-0.44771573,-0.368707061,9.847352028
58.45497444,-0.438138902,-0.428562105,9.904812813
58.50497444,-0.428562105,-0.339976639,9.911994934
58.55497444,-0.476446152,-0.517147541,10.14662647
58.60497444,-0.490811348,-0.699106872,10.47463226
58.65497444,-0.474051923,-0.703895271,10.67813969
58.70497444,-0.40940848,-0.301669419,10.12268448
58.75497444,-0.260968,-0.04070143,9.576807022
58.80497444,-0.433350503,-0.351947635,9.756371498
58.85497444,-0.536301196,-0.268150598,9.605537415
58.90497444,-0.497993946,-0.239420176,9.40681839
58.95497444,-0.416591108,-0.076614454,9.320627213
59.00497444,-0.481234551,-0.01436521,9.773131371
59.05497444,-0.454898328,0.002394202,9.823410034
59.10497444,-0.402225882,-0.14844051,9.957485199
59.15497444,-0.390254885,-0.110133275,9.749189377
59.20497444,-0.474051923,0.002394202,9.572018623
59.25497444,-0.430956304,-0.02873042,9.753977776
59.30497444,-0.500388145,-0.047884032,9.634267807
59.35497444,-0.366312861,-0.162805721,9.763554573
59.40497444,-0.380678058,-0.100556471,9.763554573
59.45497444,-0.533906996,0.074220255,9.782708168
59.50497444,-0.347159237,-0.114921682,9.787496567
59.55497444,-0.323217243,-0.265756398,10.29027843
59.60497444,-0.263362199,-0.215478152,10.03888798
59.65497444,-0.289698392,0.035913024,9.459490776
59.70497444,-0.414196909,-0.01436521,9.421183586
59.75497444,-0.325611442,-0.08379706,9.531316757
59.80497444,-0.215478152,-0.088585466,9.593565941
59.85497444,-0.359130263,-0.011971008,9.859322548
59.90497444,-0.29688102,-0.062249243,9.816226959
59.95497444,-0.258573771,-0.117315881,9.844957352
60.00497444,-0.342370838,-0.138863698,9.87608242
60.05497444,-0.328005642,-0.095768064,9.864110947
60.10497444,-0.433350503,-0.04309563,9.768342972
60.15497444,-0.390254885,0.071826048,9.607931137
60.20497444,-0.407014281,-0.256179571,9.967061996
60.25497444,-0.462080926,-0.397437483,10.24000072
60.30497444,-0.454898328,-0.009576807,10.19451046
60.35497444,-0.414196909,0.088585466,9.981427193
60.40497444,-0.20350714,-0.198718742,9.832986832
60.45497444,-0.172382519,-0.33279404,9.713275909
60.50497444,-0.284909993,-0.169988319,9.39484787
60.55497444,-0.277727395,0.320823014,9.040505409
60.60497444,-0.14844051,0.845153213,8.492233276
60.65497444,-0.368707061,-0.181959331,9.244012833
60.70497444,-0.438138902,-0.100556471,9.708487511
60.75497444,-0.701501072,0.031124622,10.3309803
60.80497444,-0.397437483,0.064643443,10.23281765
60.85497444,-0.136469498,0.098162271,9.823410034
60.90497444,-0.347159237,-0.110133275,9.447520256
60.95497444,-0.493205547,-0.193930343,9.651026726
61.00497444,-0.644040287,-0.16759412,10.11310768
61.05497444,-0.476446152,-0.033518825,9.768342972
61.10497444,-0.404620081,-0.021547815,9.555258751
61.15497444,-0.380678058,-0.143652096,9.619902611
61.20497444,-0.493205547,-0.112527482,9.931148529
61.25497444,-0.438138902,-0.064643443,9.696516991
61.30497444,-0.423773706,-0.179565132,9.651026726
61.35497444,-0.550666392,0.019153614,9.524134636
61.40497444,-0.395043284,-0.067037649,9.679757118
61.45497444,-0.488417149,-0.062249243,9.775525093
61.50497444,-0.383072257,-0.150834709,9.816226959
61.55497444,-0.454898328,-0.093373865,9.823410034
61.60497444,-0.390254885,-0.138863698,9.708487511
61.65497444,-0.421379507,-0.062249243,9.583989143
61.70497444,-0.500388145,-0.150834709,9.792284966
61.75497444,-0.438138902,-0.04309563,9.689333916
61.80497444,-0.44532153,-0.179565132,9.897629738
61.85497444,-0.423773706,-0.110133275,9.651026726
61.90497444,-0.476446152,-0.196324542,9.773131371
61.95497444,-0.466869324,-0.112527482,9.713275909
62.00497444,-0.435744703,-0.146046311,9.691728592
62.05497444,-0.48362875,-0.162805721,9.806650162
62.10497444,-0.521935999,-0.119710088,9.780313492
62.15497444,-0.507570744,-0.18435353,9.816226959
62.20497444,-0.454898328,-0.064643443,9.576807022
62.25497444,-0.507570744,-0.196324542,9.753977776
62.30497444,-0.414196909,-0.160411507,9.646238327
62.35497444,-0.524330199,-0.193930343,9.809044838
62.40497444,-0.466869324,-0.155623108,9.648633003
62.45497444,-0.466869324,-0.229843363,9.878476143
62.50497444,-0.493205547,-0.110133275,9.59835434
62.55497444,-0.462080926,-0.229843363,9.756371498
62.60497444,-0.497993946,-0.251391172,9.742006302
62.65497444,-0.478840351,-0.210689753,9.775525093
62.70497444,-0.481234551,-0.193930343,9.758766174
62.75497444,-0.524330199,-0.18674773,9.658209801
62.80497444,-0.495599747,-0.198718742,9.720458984
62.85497444,-0.428562105,-0.220266551,9.751583099
62.90497444,-0.521935999,-0.208295554,9.785101891
62.95497444,-0.469263524,-0.208295554,9.59835434
63.00497444,-0.509964943,-0.227449164,9.710882187
63.05497444,-0.466869324,-0.241814375,9.622296333
63.10497444,-0.512359142,-0.215478152,9.756371498
63.15497444,-0.502782345,-0.217872351,9.780313492
63.20497444,-0.533906996,-0.225054964,9.816226959
63.25497444,-0.517147541,-0.18674773,9.739612579
63.30497444,-0.579396784,-0.181959331,9.725247383
63.35497444,-0.466869324,-0.229843363,9.691728592
63.40497444,-0.600944638,-0.260968,9.758766174
63.45497444,-0.493205547,-0.20350714,9.629479408
63.50497444,-0.536301196,-0.208295554,9.734824181
63.55497444,-0.488417149,-0.177170932,9.634267807
63.60497444,-0.481234551,-0.232237563,9.775525093
63.65497444,-0.497993946,-0.215478152,9.81143856
63.70497444,-0.509964943,-0.215478152,9.777919769
63.75497444,-0.512359142,-0.189141929,9.746794701
63.80497444,-0.521935999,-0.246602774,9.701305389
63.85497444,-0.495599747,-0.213083953,9.744400978
63.90497444,-0.505176544,-0.239420176,9.732429504
63.95497444,-0.514753342,-0.20350714,9.725247383
64.00497444,-0.526724398,-0.246602774,9.734824181
64.05497444,-0.574608386,-0.208295554,9.763554573
64.10497444,-0.512359142,-0.232237563,9.727641106
64.15497444,-0.550666392,-0.217872351,9.756371498
64.20497444,-0.536301196,-0.246602774,9.749189377
64.25497444,-0.505176544,-0.232237563,9.801861763
64.30497444,-0.531512797,-0.193930343,9.720458984
64.35497444,-0.514753342,-0.20590134,9.677363396
64.40497444,-0.481234551,-0.16759412,9.591172218
64.45497444,-0.51954174,-0.20350714,9.720458984
64.50497444,-0.488417149,-0.210689753,9.722852707
64.55497444,-0.577002585,-0.158017308,9.785101891
64.60497444,-0.526724398,-0.253785372,9.797073364
64.65497444,-0.567425787,-0.174776718,9.744400978
64.70497444,-0.531512797,-0.213083953,9.765948296
64.75497444,-0.521935999,-0.213083953,9.682151794
64.80497444,-0.536301196,-0.213083953,9.701305389
64.85497444,-0.620098233,-0.227449164,9.758766174
