Time (s),Gyroscope x (rad/s),Gyroscope y (rad/s),Gyroscope z (rad/s)
0.00760755,-0.008552114,-0.007330383,0.017715093
0.049638058,-0.008552114,-0.007330383,0.017715093
0.099638058,-0.008552114,-0.007330383,0.017715093
0.149638058,0.003665192,0.003665192,0.000610865
0.199638058,0.020158554,0.021380283,-0.00122173
0.249638058,0.043371432,0.001832596,0.012217305
0.299638058,-0.004276057,0.007941248,0.001832596
0.349638058,-0.016493361,0.007330383,0.001832596
0.399638058,0.005497787,0.006108652,0.002443461
0.449638058,0.020158554,0.00122173,-0.001832596
0.499638058,0.018325957,0.039706241,-0.007941248
0.549638058,0.017104227,-0.016493361,0.001832596
0.599638058,0.004886922,-0.003054326,-0.003665192
0.649638058,0.00122173,-0.020158554,0.002443461
0.699638058,-0.015271631,0.003054326,-0.010995574
0.749638058,-0.026267206,-0.003665192,-0.015271631
0.799638058,-0.029932396,0.025045475,-0.009162978
0.849638058,0.007941248,-0.008552114,0.005497787
0.899638058,0.037262779,0,0.014049901
0.949638058,0.024434609,-0.004886922,0.018325957
0.999638058,0.009773844,-0.008552114,0.019547688
1.049638058,-0.005497787,-0.003665192,0.015882496
1.099638058,-0.007941248,0.008552114,0.004886922
1.149638058,-0.016493361,0.004886922,0.00122173
1.199638058,-0.025656341,0.01282817,0.000610865
1.249638058,0.016493361,-0.022602014,0.000610865
1.299638058,0.01282817,0.006719518,-0.006108652
1.349638058,-0.000610865,0.002443461,0.009773844
1.399638058,-0.009773844,-0.006108652,0.017715093
1.449638058,0.008552114,0.013439035,0.01282817
1.499638058,-0.031764992,-0.002443461,0.006108652
1.549638058,-0.031764992,-0.007330383,-0.002443461
1.599638058,-0.034208454,-0.036041051,-0.005497787
1.649638058,-0.014660766,-0.007941248,0.01038471
1.699638058,0.09590584,0.029321533,0.008552114
1.749638058,0.094684117,0.021991149,0.007330383
1.799638058,0.040927973,-0.007941248,0.001832596
1.849638058,-0.01160644,0.013439035,-0.018936822
1.899638058,-0.028710667,-0.028099801,0.017715093
1.949638058,-0.028710667,0.024434609,0.029321533
1.999638058,0.013439035,0.025045475,0.032986723
2.049638058,0.006719518,-0.041538838,0.028710667
2.099638058,0.018325957,-0.031764992,-0.000610865
2.149638058,-0.025656341,0.005497787,-0.020769419
2.199638058,0.01160644,0.00122173,-0.03848451
2.249638058,-0.025045475,-0.01038471,-0.042760566
2.299638058,0.006719518,-0.007941248,-0.026267206
2.349638058,-0.004886922,0.002443461,0.010995574
2.399638058,-0.009773844,0.043982297,0.015271631
2.449638058,-0.048258353,-0.043982297,0.006108652
2.499638058,-0.020158554,0.003054326,0.021380283
2.549638058,-0.028099801,0.012217305,0.015271631
2.599638058,0.006108652,0.001832596,0.036651913
2.649638058,-0.017104227,-0.019547688,0.016493361
2.699638058,0.043982297,-0.026267206,0.02321288
2.749638058,0.039095376,-0.025656341,0.025045475
2.799638058,0.078190751,0.006108652,0.023823744
2.849638058,0.013439035,-0.031154128,0.009162978
2.899638058,0.004886922,-0.01282817,-0.004276057
2.949638058,-0.010995574,0.006108652,-0.003665192
2.999638058,0.013439035,0.013439035,-0.020158554
3.049638058,-0.018936822,-0.006108652,-0.014660766
3.099638058,-0.009162978,0.003665192,-0.01038471
3.149638058,0.003054326,-0.01038471,0.00122173
3.199638058,0.041538838,-0.002443461,0.009773844
3.249638058,0.009773844,-0.001832596,0.000610865
3.299638058,0.019547688,-0.003665192,0.01282817
3.349638058,0.004886922,0,-0.002443461
3.399638058,0.014049901,0.030543262,-0.003665192
3.449638058,-0.001832596,-0.012217305,-0.010995574
3.499638058,0.000610865,0.021380283,0.014660766
3.549638058,-0.034208454,-0.003054326,0.012217305
3.599638058,-0.01038471,0,0.015271631
3.649638058,0.008552114,-0.01160644,0.01160644
3.699638058,0.017715093,0.008552114,0.003665192
3.749638058,0.027488936,0.002443461,-0.004886922
3.799638058,0.025656341,-0.01038471,0.001832596
3.849638058,0,-0.007330383,0.002443461
3.899638058,-0.023823744,0.009773844,0
3.949638058,-0.005497787,-0.001832596,-0.004886922
3.999638058,0.006719518,-0.016493361,-0.004276057
4.049638058,-0.004886922,0.012217305,-0.006719518
4.099638058,0.013439035,0.001832596,-0.010995574
4.149638058,0.019547688,0.032986723,0.003665192
4.199638058,0.007330383,0.002443461,-0.005497787
4.249638058,-0.021380283,-0.014049901,-0.006108652
4.299638058,-0.013439035,-0.001832596,-0.008552114
4.349638058,-0.021991149,0.000610865,-0.007330383
4.399638058,0.003665192,0.009162978,-0.004276057
4.449638058,-0.001832596,-0.003054326,-0.003665192
4.499638058,-0.021991149,0.005497787,0.001832596
4.549638058,-0.007941248,-0.001832596,0.003054326
4.599638058,0.00122173,0.006108652,0.003665192
4.649638058,0.003054326,-0.01160644,0.003054326
4.699638058,-0.018936822,0.006719518,-0.007330383
4.749638058,-0.000610865,-0.010995574,0.005497787
4.799638058,0.007941248,0.00122173,0.000610865
4.849638058,0.014049901,0.032375857,0.002443461
4.899638058,0.000610865,-0.003054326,0.003054326
4.949638058,0.004276057,0.010995574,0.007941248
4.999638058,0.021380283,-0.014049901,0.007330383
5.049638058,-0.01038471,-0.009162978,-0.003054326
5.099638058,-0.004886922,0.001832596,-0.001832596
5.149638058,-0.026267206,-0.007941248,0.003054326
5.199638058,-0.001832596,-0.001832596,0.004276057
5.249638058,0.00122173,-0.004276057,0.000610865
5.299638058,0.005497787,0.002443461,0.001832596
5.349638058,0.001832596,-0.006108652,0.006108652
5.399638058,0.004886922,0.003054326,0.001832596
5.449638058,-0.007330383,0.009773844,-0.01038471
5.499638058,0.006108652,-0.004886922,-0.000610865
5.549638058,0.018936822,0.007941248,0.006108652
5.599638058,0.007330383,0.024434609,0.004886922
5.649638058,0.020769419,-0.030543262,0.004276057
5.699638058,-0.001832596,0.010995574,0.003054326
5.749638058,-0.004276057,-0.005497787,-0.006108652
5.799638058,-0.01038471,0.006108652,-0.004276057
5.849638058,-0.006108652,0.004276057,-0.00122173
5.899638058,-0.007330383,0.006108652,0.009162978
5.949638058,0.016493361,0.002443461,0
5.999638058,0.014660766,-0.009773844,0.003665192
6.049638058,0.009162978,0.01038471,-0.000610865
6.099638058,-0.00122173,0,0.004276057
6.149638058,-0.010995574,0.005497787,0.001832596
6.199638058,-0.027488936,0,-0.004276057
6.249638058,0.007941248,0.012217305,0
6.299638058,0.024434609,0.018936822,0.01038471
6.349638058,-0.016493361,-0.004276057,-0.003054326
6.399638058,-0.045814894,-0.004276057,0.001832596
6.449638058,-0.080634214,0.000610865,-0.003054326
6.499638058,-0.099571034,-0.000610865,-0.006719518
6.549638058,-0.014049901,-0.02321288,0.004886922
6.599638058,0.014660766,-0.01038471,0.003665192
6.649638058,0.036041051,-0.004276057,0.01282817
6.699638058,0.028099801,-0.003054326,0.013439035
6.749638058,0.005497787,0.007941248,0.005497787
6.799638058,-0.009162978,-0.004886922,-0.001832596
6.849638058,-0.002443461,0.004886922,0.009773844
6.899638058,-0.018325957,-0.024434609,0.002443461
6.949638058,0.006719518,0.004886922,0.013439035
6.999638058,0.008552114,0.001832596,-0.00122173
7.049638058,-0.023823744,0.000610865,-0.007941248
7.099638058,0.028710667,0.045204028,-0.007941248
7.149638058,0.004886922,0,-0.004886922
7.199638058,0.007330383,-0.01282817,0.004886922
7.249638058,0.045204028,0.01038471,0.004886922
7.299638058,0.035430186,0.009773844,-0.003665192
7.349638058,0.006719518,-0.009162978,-0.010995574
7.399638058,-0.03848451,0.001832596,-0.007330383
7.449638058,-0.043982297,0.014049901,-0.009162978
7.499638058,-0.022602014,0.004886922,0
7.549638058,0.021991149,0,-0.002443461
7.599638058,0.025045475,0.004886922,0.002443461
7.649638058,0.021380283,-0.015882496,0.006108652
7.699638058,-0.025656341,-0.004276057,0.01160644
7.749638058,-0.043982297,-0.000610865,0.000610865
7.799638058,-0.047647487,0.007941248,-0.000610865
7.849638058,-0.042760566,-0.017715093,0.00122173
7.899638058,0.01038471,-0.010995574,0.003665192
7.949638058,0.032375857,0.014049901,0.007330383
7.999638058,0.008552114,0.006108652,0.003054326
8.049638058,-0.012217305,-0.014049901,0.003665192
8.099638058,-0.01038471,0.000610865,0.001832596
8.149638058,-0.004886922,-0.008552114,-0.00122173
8.199638058,0.005497787,-0.001832596,-0.003054326
8.249638058,0.015882496,-0.004886922,-0.000610865
8.299638058,0.01038471,0.002443461,0.001832596
8.349638058,0.015882496,0,0.00122173
8.399638058,0.037262779,0.006719518,0.002443461
8.449638058,0.048869219,-0.00122173,0
8.499638058,0.060475659,0.003054326,0.004886922
8.549638058,0.060475659,0.012217305,0.016493361
8.599638058,0.05375614,0.000610865,0.003665192
8.649638058,0.028099801,-0.01282817,0.005497787
8.699638058,0.01038471,0.006108652,-0.001832596
8.749638058,-0.008552114,-0.002443461,-0.001832596
8.799638058,0.000610865,0.026267206,0.004886922
8.849638058,-0.041538838,0.006108652,-0.00122173
8.899638058,-0.1160644,0.00122173,-0.006108652
8.949638058,-0.089797191,0.015271631,0.007941248
8.999638058,-0.020769419,-0.020158554,-0.001832596
9.049638058,0.058643065,-0.004276057,0.002443461
9.099638058,0.078801617,-0.004886922,0.01160644
9.149638058,0.083688542,-0.006108652,0.010995574
9.199638058,0.02687807,-0.004886922,-0.003054326
9.249638058,-0.006108652,0.005497787,-0.00122173
9.299638058,-0.068416908,-0.009773844,-0.012217305
9.349638058,-0.02687807,-0.015882496,-0.012217305
9.399638058,0.043982297,-0.00122173,-0.006719518
9.449638058,0.045814894,-0.004276057,0.005497787
9.499638058,0.062919118,0.005497787,0.003054326
9.549638058,0.067806043,-0.003054326,-0.007941248
9.599638058,0.008552114,-0.002443461,-0.021380283
9.649638058,0.004886922,0.047036625,-0.004276057
9.699638058,-0.035430186,0.003054326,-0.010995574
9.749638058,0.002443461,0.00122173,-0.003054326
9.799638058,0.018325957,-0.01038471,-0.001832596
9.849638058,0.037262779,-0.003665192,0
9.899638058,-0.01160644,0.006108652,0.006719518
9.949638058,-0.018936822,-0.005497787,0.000610865
9.999638058,-0.072692961,-0.007941248,-0.009773844
10.04963806,-0.062308256,0.014049901,-0.00122173
10.09963806,0.027488936,-0.012217305,0.004276057
10.14963806,0.043371432,0.007941248,0.015271631
10.19963806,0.058643065,-0.015271631,0.015271631
10.24963806,0.028099801,-0.029321533,0.004886922
10.29963806,-0.005497787,0.004276057,-0.004276057
10.34963806,-0.040317107,-0.004886922,-0.015271631
10.39963806,-0.062308256,0.004276057,-0.01038471
10.44963806,-0.02687807,-0.001832596,-0.009162978
10.49963806,0.030543262,0.021380283,0.007941248
10.54963806,0.029932396,0.006108652,-0.000610865
10.59963806,0.030543262,-0.003054326,0.003054326
10.64963806,0.043371432,0.01038471,0.005497787
10.69963806,-0.012217305,-0.003054326,-0.005497787
10.74963806,-0.021991149,0.01038471,-0.003054326
10.79963806,-0.009773844,-0.001832596,0.00122173
10.84963806,-0.009162978,0.008552114,0.006108652
10.89963806,0.025045475,-0.00122173,0.007941248
10.94963806,0.029321533,-0.004276057,0.010995574
10.99963806,-0.004276057,0.003054326,0.005497787
11.04963806,-0.001832596,0.02687807,0.007941248
11.09963806,-0.021380283,-0.002443461,-0.001832596
11.14963806,0.003665192,0.012217305,0.001832596
11.19963806,0.010995574,-0.020158554,-0.004276057
11.24963806,0.020158554,-0.00122173,-0.002443461
11.29963806,0.022602014,-0.003054326,-0.01160644
11.34963806,0.004276057,0.003054326,-0.009162978
11.39963806,-0.01282817,0.003665192,-0.01160644
11.44963806,-0.006719518,-0.001832596,-0.006719518
11.49963806,-0.001832596,0.004886922,-0.014660766
11.54963806,-0.013439035,-0.009773844,-0.015882496
11.59963806,0.007330383,0.018936822,-0.003665192
11.64963806,-0.010995574,-0.001832596,-0.006108652
11.69963806,0.01282817,0.013439035,0.003665192
11.74963806,-0.006719518,-0.016493361,0.002443461
11.79963806,0.007330383,0.017715093,0.009773844
11.84963806,0.000610865,0,0.003054326
11.89963806,-0.001832596,0.023823744,0.008552114
11.94963806,-0.007941248,-0.020769419,0
11.99963806,-0.012217305,0.009773844,0.001832596
12.04963806,0.027488936,0.017104227,0.005497787
12.09963806,0.025045475,0.043982297,0.007941248
12.14963806,0.003054326,-0.010995574,-0.00122173
12.19963806,0.006719518,-0.006719518,0.003665192
12.24963806,0,0.016493361,0.000610865
12.29963806,0.004886922,0.015882496,-0.005497787
12.34963806,0.006108652,0.005497787,-0.004886922
12.39963806,-0.00122173,0.003665192,-0.006108652
12.44963806,0.006108652,-0.004886922,-0.006108652
12.49963806,0.017715093,0.006719518,0.001832596
12.54963806,-0.017104227,0.005497787,-0.000610865
12.59963806,-0.021991149,0,0.00122173
12.64963806,-0.056810468,0.000610865,0.002443461
12.69963806,-0.016493361,-0.006719518,-0.004886922
12.74963806,0.004276057,0.021380283,0.00122173
12.79963806,0.032986723,0.007330383,-0.001832596
12.84963806,0.027488936,0.002443461,-0.001832596
12.89963806,-0.028710667,-0.016493361,-0.005497787
12.94963806,-0.045204028,0.01038471,0.002443461
12.99963806,-0.036651913,0.014660766,-0.005497787
13.04963806,-0.050701816,-0.01160644,-0.014049901
13.09963806,-0.012217305,-0.01038471,0.002443461
13.14963806,0.02321288,-0.005497787,0.003054326
13.19963806,0.063529983,0.001832596,0.007941248
13.24963806,0.036041051,-0.004276057,0.005497787
13.29963806,0.001832596,0.016493361,0
13.34963806,-0.047036625,0.003054326,-0.002443461
13.39963806,-0.072692961,0.001832596,0.004886922
13.44963806,-0.048258353,0.015882496,0.01282817
13.49963806,0.01160644,-0.01160644,0.022602014
13.54963806,0.078190751,0.024434609,0.018325957
13.59963806,0.063529983,-0.000610865,0.01038471
13.64963806,0.029932396,-0.007941248,0.012217305
13.69963806,0.016493361,0.021380283,-0.01038471
13.74963806,-0.022602014,0.007941248,-0.021380283
13.79963806,-0.044593163,-0.004886922,-0.005497787
13.84963806,-0.042760566,-0.009162978,0.00122173
13.89963806,-0.017104227,-0.007330383,-0.00122173
13.94963806,0.037262779,-0.00122173,0.006108652
13.99963806,0.02321288,-0.025656341,-0.001832596
14.04963806,0.028099801,0.008552114,0
14.09963806,0.010995574,-0.015271631,-0.003054326
14.14963806,-0.017715093,0.014049901,-0.004886922
14.19963806,-0.017715093,0.001832596,-0.009773844
14.24963806,-0.030543262,0.01160644,-0.006719518
14.29963806,0.031764992,-0.008552114,0.006108652
14.34963806,0.017104227,-0.014049901,0.009773844
14.39963806,0.039095376,-0.003665192,0.007330383
14.44963806,0.02321288,-0.001832596,0.006108652
14.49963806,-0.017715093,-0.001832596,-0.003665192
14.54963806,-0.040317107,0.000610865,0
14.59963806,-0.037262779,-0.006108652,0.001832596
14.64963806,-0.029932396,0.00122173,0
14.69963806,0.031764992,-0.005497787,0.005497787
14.74963806,0.037873644,-0.006108652,0.006719518
14.79963806,0.02321288,-0.021380283,0.004886922
14.84963806,0.014049901,-0.027488936,0.005497787
14.89963806,-0.027488936,0.009162978,-0.005497787
14.94963806,-0.025656341,-0.007941248,-0.01038471
14.99963806,0.006719518,0.02321288,0.000610865
15.04963806,-0.006108652,0.009773844,0.000610865
15.09963806,-0.003054326,-0.003054326,0.009162978
15.14963806,0.014049901,0.006108652,0.004276057
15.19963806,0.006108652,-0.014660766,0.002443461
15.24963806,0.00122173,0.004886922,0
15.29963806,0.020158554,-0.006719518,0.003054326
15.34963806,0.01038471,0.022602014,0.004276057
15.39963806,-0.003665192,-0.00122173,0.006108652
15.44963806,-0.019547688,0.003054326,0.008552114
15.49963806,0.004276057,-0.003665192,0.001832596
15.54963806,-0.003054326,-0.005497787,0.004276057
15.59963806,0.021380283,0.017715093,0.015882496
15.64963806,0.015882496,0.006719518,-0.000610865
15.69963806,0.015882496,-0.004886922,0.009162978
15.74963806,0.018325957,0.017715093,0.007941248
15.79963806,-0.01282817,-0.006108652,0.003665192
15.84963806,-0.017715093,-0.013439035,0.002443461
15.89963806,0.009162978,-0.01038471,0.001832596
15.94963806,0.015271631,-0.007941248,-0.003665192
15.99963806,0.006108652,0.033597589,-0.001832596
16.04963806,0.015271631,-0.006108652,-0.007330383
16.09963806,0.01160644,0.017715093,0.003054326
16.14963806,-0.009162978,0.00122173,-0.008552114
16.19963806,-0.017715093,0.017715093,-0.004276057
16.24963806,0,0.019547688,-0.006108652
16.29963806,0.007330383,-0.002443461,0.004276057
16.34963806,0.01282817,-0.005497787,-0.006719518
16.39963806,0.014660766,0.008552114,-0.00122173
16.44963806,0.016493361,-0.019547688,-0.001832596
16.49963806,0.019547688,0.001832596,0.009162978
16.54963806,-0.029932396,-0.014660766,0.005497787
16.59963806,-0.017104227,0.003054326,0.007330383
16.64963806,-0.009162978,-0.004276057,0.004886922
16.69963806,0.008552114,-0.001832596,0.007330383
16.74963806,0.020769419,-0.001832596,0.005497787
16.79963806,0.006108652,-0.007941248,0.003054326
16.84963806,0.008552114,-0.008552114,0.007941248
16.89963806,-0.009773844,0.007941248,0.006719518
16.94963806,0.001832596,0.004886922,0.00122173
16.99963806,0.003665192,-0.017715093,0
17.04963806,0.002443461,-0.00122173,0.005497787
17.09963806,0.01160644,-0.023823744,-0.001832596
17.14963806,0.006719518,0.003054326,-0.002443461
17.19963806,-0.012217305,0.012217305,-0.006719518
17.24963806,-0.009773844,0.004276057,-0.009773844
17.29963806,-0.004276057,-0.01160644,0.00122173
17.34963806,0.018936822,-0.01160644,0.004276057
17.39963806,0.010995574,0.003054326,0.002443461
17.44963806,0.007330383,0.007330383,-0.004276057
17.49963806,0.015882496,0.008552114,-0.000610865
17.54963806,-0.001832596,0.003054326,0.000610865
17.59963806,-0.028710667,0.001832596,0.000610865
17.64963806,-0.020158554,-0.008552114,0.003665192
17.69963806,0.006108652,-0.01038471,0.002443461
17.74963806,0.008552114,0.004276057,0.001832596
17.79963806,0.01160644,-0.005497787,0.000610865
17.84963806,0.006108652,-0.010995574,0.002443461
17.89963806,-0.002443461,-0.025045475,0.000610865
17.94963806,-0.010995574,0,0.001832596
17.99963806,-0.018325957,0.017715093,-0.006719518
18.04963806,-0.016493361,-0.004886922,0
18.09963806,-0.017715093,-0.015271631,-0.003054326
18.14963806,-0.000610865,0.010995574,0.003665192
18.19963806,0.007941248,-0.01282817,0
18.24963806,0.028710667,-0.009162978,0.000610865
18.29963806,0.019547688,-0.006108652,-0.005497787
18.34963806,0.004276057,0.005497787,-0.00122173
18.39963806,-0.020769419,-0.010995574,0.000610865
18.44963806,-0.001832596,0.015882496,0.007330383
18.49963806,-0.00122173,-0.010995574,0.009162978
18.54963806,0.014049901,0.018936822,0.010995574
18.59963806,-0.007330383,-0.021991149,0.007330383
18.64963806,0.026267206,-0.006108652,0.018325957
18.69963806,0.026267206,-0.009773844,0.004276057
18.74963806,0.002443461,0.009773844,0.001832596
18.79963806,-0.01160644,-0.01160644,-0.00122173
18.84963806,-0.029321533,0,0
18.89963806,-0.020158554,-0.026267206,0.000610865
18.94963806,-0.015271631,0.004276057,0.008552114
18.99963806,0.018936822,0.01282817,0.003665192
19.04963806,0.001832596,-0.017715093,-0.009162978
19.09963806,0.003665192,0.023823744,-0.01160644
19.14963806,-0.015271631,-0.009162978,-0.006719518
19.19963806,-0.006719518,0.009162978,0
19.24963806,-0.003665192,0.00122173,-0.004276057
19.29963806,0.020769419,0.009162978,0.005497787
19.34963806,0.016493361,0.007941248,0.001832596
19.39963806,0.006108652,-0.003665192,-0.000610865
19.44963806,-0.000610865,-0.000610865,0.004276057
19.49963806,-0.014660766,-0.006719518,-0.001832596
19.54963806,-0.001832596,0.002443461,-0.003665192
19.59963806,-0.006719518,-0.007941248,-0.007941248
19.64963806,-0.004886922,0.007941248,-0.006719518
19.69963806,0.024434609,-0.022602014,0.006719518
19.74963806,0.010995574,-0.00122173,0.010995574
19.79963806,0.004276057,0.003665192,0.005497787
19.84963806,-0.004886922,-0.018325957,0.000610865
19.89963806,-0.0580322,-0.007941248,-0.00122173
19.94963806,-0.06169739,-0.010995574,0.001832596
19.99963806,-0.007330383,0.007330383,0.006108652
20.04963806,0.009773844,-0.002443461,0.002443461
20.09963806,0.064751714,-0.009162978,0.005497787
20.14963806,0.016493361,-0.006108652,0.003665192
20.19963806,-0.006108652,0.013439035,-0.006108652
20.24963806,-0.044593163,-0.015882496,-0.014049901
20.29963806,-0.0421497,-0.007941248,-0.007330383
20.34963806,-0.009162978,-0.004886922,-0.018325957
20.39963806,0.031154128,0.007330383,-0.003665192
20.44963806,0.019547688,-0.004276057,0.003665192
20.49963806,0.044593163,-0.018936822,0.007941248
20.54963806,0.003054326,0.009162978,0.003054326
20.59963806,-0.018936822,-0.006719518,-0.002443461
20.64963806,-0.032986723,-0.009773844,-0.010995574
20.69963806,-0.040927973,0.013439035,-0.006108652
20.74963806,-0.0421497,0.002443461,-0.006108652
20.79963806,-0.027488936,0.004886922,0.001832596
20.84963806,-0.00122173,-0.020158554,0.00122173
20.89963806,0.036041051,0.008552114,0.002443461
20.94963806,0.0580322,-0.013439035,0.010995574
20.99963806,0.03481932,-0.006719518,0.009162978
21.04963806,0.01038471,-0.006108652,-0.002443461
21.09963806,-0.004886922,0.01282817,-0.005497787
21.14963806,-0.025656341,0.025656341,-0.004276057
21.19963806,-0.035430186,-0.00122173,0.003665192
21.24963806,-0.021991149,-0.001832596,0.01038471
21.29963806,0.005497787,-0.006719518,0.016493361
21.34963806,0.094684117,-0.015882496,0.01160644
21.39963806,0.064751714,-0.003665192,0.007941248
21.44963806,0.030543262,0.039706241,0.015271631
21.49963806,-0.023823744,-0.019547688,-0.004276057
21.54963806,0.018325957,0.007941248,0.002443461
21.59963806,0.056810468,-0.024434609,-0.003054326
21.64963806,0.094684117,-0.008552114,0.017104227
21.69963806,0.186313897,-0.020769419,0.015882496
21.74963806,0.174707457,-0.034208454,0.006719518
21.79963806,0.1423316,-0.018936822,-0.005497787
21.84963806,0.051923547,0.032375857,-0.008552114
21.89963806,-0.064140849,0.02321288,-0.01160644
21.94963806,-0.138055548,0.042760566,-0.004886922
21.99963806,-0.127670839,0.021991149,-0.009773844
22.04963806,-0.09285152,-0.028099801,-0.021380283
22.09963806,-0.010995574,0.029932396,0.002443461
22.14963806,0.020158554,-0.031764992,0.004276057
22.19963806,0.036041051,0.000610865,0.01038471
22.24963806,0.027488936,-0.005497787,0.001832596
22.29963806,0.003665192,0.007330383,0.000610865
22.34963806,-0.027488936,0.007941248,0.007330383
22.39963806,-0.006719518,-0.005497787,0.005497787
22.44963806,0.003054326,0.009773844,-0.003054326
22.49963806,0.02321288,0.025045475,0.004886922
22.54963806,0.030543262,0.025656341,0.005497787
22.59963806,-0.004276057,0.007941248,0.006108652
22.64963806,-0.021380283,-0.01282817,0.005497787
22.69963806,-0.01282817,0.027488936,0.001832596
22.74963806,-0.023823744,0.021991149,-0.01282817
22.79963806,0,0.015271631,-0.007941248
22.84963806,-0.037873644,-0.014049901,-0.009162978
22.89963806,-0.021991149,0.016493361,-0.004276057
22.94963806,-0.029932396,0.004886922,-0.005497787
22.99963806,-0.040317107,0.014660766,-0.004886922
23.04963806,-0.0421497,-0.007330383,-0.006719518
23.09963806,-0.053145275,-0.01282817,-0.003665192
23.14963806,0.00122173,-0.024434609,-0.001832596
23.19963806,0.013439035,-0.004276057,-0.002443461
23.24963806,0.029932396,0.013439035,0.007330383
23.29963806,0.030543262,-0.017715093,0.01282817
23.34963806,0.008552114,0.003665192,0.003054326
23.39963806,-0.020158554,0.006108652,0.000610865
23.44963806,-0.053145275,0.004276057,-0.007330383
23.49963806,-0.049480084,0.003054326,-0.006719518
23.54963806,-0.026267206,0.007941248,-0.009162978
23.59963806,-0.017104227,0.018325957,-0.003665192
23.64963806,-0.00122173,0.019547688,0.00122173
23.69963806,0.001832596,-0.000610865,0.004886922
23.74963806,0.018325957,-0.009162978,0.005497787
23.79963806,-0.003054326,-0.012217305,0.004276057
23.84963806,-0.007330383,0.009162978,-0.005497787
23.89963806,-0.003665192,-0.003054326,-0.009162978
23.94963806,0.01160644,0.017715093,-0.000610865
23.99963806,0.007941248,0.001832596,0.005497787
24.04963806,-0.003665192,-0.017104227,0.005497787
24.09963806,-0.016493361,-0.002443461,0.000610865
24.14963806,-0.008552114,-0.023823744,-0.009162978
24.19963806,-0.006719518,0.020769419,0.003665192
24.24963806,0.000610865,0.004276057,-0.004276057
24.29963806,-0.003054326,-0.008552114,0.003665192
24.34963806,0.021380283,-0.015271631,0.012217305
24.39963806,0.018325957,-0.019547688,0.007330383
24.44963806,0.009773844,0.013439035,0.009773844
24.49963806,-0.01282817,-0.007330383,0.003665192
24.54963806,-0.002443461,0.02321288,-0.002443461
24.59963806,-0.006719518,0.007941248,-0.008552114
24.64963806,0.032986723,0.010995574,-0.004276057
24.69963806,0.020158554,-0.004276057,-0.004276057
24.74963806,0,-0.01160644,-0.007941248
24.79963806,-0.008552114,0.000610865,-0.006108652
24.84963806,-0.002443461,-0.007330383,-0.007330383
24.89963806,-0.014049901,0.003054326,-0.01160644
24.94963806,-0.014049901,-0.009162978,0.00122173
24.99963806,0.000610865,0.008552114,0.002443461
25.04963806,-0.012217305,-0.01282817,-0.003665192
25.09963806,0.006719518,0.01282817,0.006719518
25.14963806,-0.001832596,-0.004276057,0.005497787
25.19963806,-0.012217305,-0.006719518,0.004886922
25.24963806,-0.00122173,0.013439035,0.004276057
25.29963806,-0.006108652,-0.01160644,0
25.34963806,0.001832596,-0.007330383,-0.002443461
25.39963806,-0.005497787,0.006719518,-0.004276057
25.44963806,0.015882496,0.01160644,-0.00122173
25.49963806,0.01282817,0.01160644,0
25.54963806,0.006719518,-0.006108652,-0.000610865
25.59963806,0.006108652,-0.007941248,0.003054326
25.64963806,-0.000610865,-0.004276057,0.002443461
25.69963806,-0.006719518,-0.005497787,-0.004276057
25.74963806,-0.018936822,0.002443461,-0.000610865
25.79963806,-0.021991149,-0.007941248,-0.002443461
25.84963806,-0.008552114,-0.000610865,0.004276057
25.89963806,-0.003665192,-0.000610865,0.006108652
25.94963806,-0.003054326,-0.00122173,0.007330383
25.99963806,-0.007330383,-0.007941248,0.000610865
26.04963806,-0.014660766,-0.005497787,0.000610865
26.09963806,0.034208454,0.014660766,-0.001832596
26.14963806,0.012217305,0.017104227,-0.004276057
26.19963806,0.015271631,0.020158554,0.000610865
26.24963806,-0.032375857,-0.013439035,-0.00122173
26.29963806,-0.021991149,0.015882496,-0.005497787
26.34963806,-0.000610865,0.01038471,0.00122173
26.39963806,0.01160644,-0.014660766,-0.003665192
26.44963806,0.01160644,-0.014049901,-0.007330383
26.49963806,0.017715093,0.014660766,0.007330383
26.54963806,-0.017104227,0.01038471,0.004886922
26.59963806,-0.007941248,0.01282817,0.007941248
26.64963806,-0.000610865,-0.01038471,0.003054326
26.69963806,0.028099801,0.000610865,0.009162978
26.74963806,0.189979091,-0.048258353,0.018936822
26.79963806,0.065973446,0.036041051,0.010995574
26.84963806,-0.155159771,0.031764992,0.01282817
26.89963806,-0.225409269,0.014660766,0.020158554
26.94963806,-0.122783914,0.047036625,-0.022602014
26.99963806,-0.076358154,0.03481932,-0.02321288
27.04963806,0.024434609,0.02687807,-0.009162978
27.09963806,0.037262779,-0.029932396,-0.00122173
27.14963806,0.022602014,-0.040317107,-0.006719518
27.19963806,-0.004276057,-0.006719518,-0.001832596
27.24963806,-0.034208454,-0.027488936,-0.006108652
27.29963806,-0.029932396,0.009162978,-0.006719518
27.34963806,-0.005497787,-0.014049901,-0.007330383
27.39963806,0.02321288,0.01160644,-0.001832596
27.44963806,0.042760566,-0.004886922,0.003054326
27.49963806,0.016493361,-0.008552114,0.006108652
27.54963806,-0.003665192,-0.016493361,0.01160644
27.59963806,0.010995574,0.019547688,0.010995574
27.64963806,0.006719518,0.002443461,0.001832596
27.69963806,0.000610865,0.006108652,0.008552114
27.74963806,-0.008552114,-0.025045475,0.007330383
27.79963806,0.010995574,0.007941248,0.01160644
27.84963806,0.018325957,0.01282817,0.009162978
27.89963806,0.01160644,-0.015271631,-0.001832596
27.94963806,-0.009162978,-0.015271631,-0.003054326
27.99963806,-0.02321288,-0.01038471,-0.007330383
28.04963806,-0.008552114,0.018325957,-0.007941248
28.09963806,-0.02321288,-0.025656341,-0.018936822
28.14963806,0.024434609,-0.006719518,-0.008552114
28.19963806,0.008552114,0.002443461,-0.000610865
28.24963806,0.017104227,0.010995574,0.001832596
28.29963806,-0.002443461,-0.02321288,-0.00122173
28.34963806,-0.001832596,0.002443461,-0.007941248
28.39963806,0.012217305,-0.020158554,-0.008552114
28.44963806,0.013439035,0.027488936,0.004886922
28.49963806,-0.014660766,-0.009162978,-0.00122173
28.54963806,0.009773844,0.023823744,0.000610865
28.59963806,-0.02687807,-0.017715093,-0.001832596
28.64963806,-0.039706241,0.02687807,-0.007330383
28.69963806,-0.007941248,0.025045475,-0.004276057
28.74963806,-0.016493361,0.02687807,-0.003665192
28.79963806,0.021380283,0.014660766,-0.010995574
28.84963806,0.014049901,-0.014660766,-0.007330383
28.89963806,0.01160644,0.01282817,0.004276057
28.94963806,0.006719518,-0.009773844,-0.001832596
28.99963806,0.015882496,0.018325957,-0.000610865
29.04963806,0.003054326,0.003665192,-0.015882496
29.09963806,-0.007330383,-0.004886922,-0.009773844
29.14963806,0.019547688,0.006108652,0.009162978
29.19963806,-0.01038471,-0.01038471,0.007330383
29.24963806,0,-0.002443461,0.009162978
29.29963806,0.015882496,-0.006719518,0.006719518
29.34963806,-0.007330383,0.005497787,-0.002443461
29.39963806,0.002443461,-0.01038471,0.004276057
29.44963806,-0.008552114,-0.003054326,0
29.49963806,-0.001832596,0.003054326,-0.007941248
29.54963806,0.015271631,0.01038471,-0.004886922
29.59963806,0.012217305,0.005497787,-0.002443461
29.64963806,-0.014660766,-0.021991149,-0.006719518
29.69963806,-0.00122173,0.017104227,-0.001832596
29.74963806,-0.014660766,0.002443461,-0.016493361
29.79963806,0.012217305,0.016493361,-0.014049901
29.84963806,0.028710667,0.01160644,-0.006719518
29.89963806,0.007330383,-0.008552114,0.003054326
29.94963806,-0.010995574,0.004886922,-0.009162978
29.99963806,-0.019547688,0.003665192,-0.020158554
30.04963806,-0.027488936,-0.004276057,-0.03848451
30.09963806,-0.037873644,-0.004886922,-0.050701816
30.14963806,0.003665192,-0.007941248,-0.093462385
30.19963806,0.025656341,0.018936822,-0.100792766
30.24963806,0.019547688,-0.000610865,-0.125838235
30.29963806,0.004276057,0.021380283,-0.142942473
30.34963806,0,-0.010995574,-0.158214092
30.39963806,0.0421497,0.001832596,-0.176540062
30.44963806,0.040317107,0.049480084,-0.177761793
30.49963806,0.00122173,0.004276057,-0.208305046
30.54963806,0.02321288,0.022602014,-0.216857165
30.59963806,0.004886922,-0.01038471,-0.229685336
30.64963806,-0.023823744,0.036041051,-0.238848314
30.69963806,-0.048869219,0.023823744,-0.248622149
30.74963806,-0.007941248,0.044593163,-0.295047909
30.79963806,0.023823744,0.030543262,-0.306043476
30.84963806,0.032375857,-0.00122173,-0.333532423
30.89963806,0.045814894,0.0421497,-0.335975885
30.94963806,0.01282817,0.019547688,-0.34758231
30.99963806,0.007330383,0.019547688,-0.321925998
31.04963806,0.007330383,-0.001832596,-0.270613313
31.09963806,-0.035430186,-0.047036625,-0.202196389
31.14963806,-0.034208454,-0.047036625,-0.1423316
31.19963806,-0.137444675,-0.009773844,-0.124616511
31.24963806,-0.03848451,-0.019547688,-0.102014497
31.29963806,0.19058995,-0.021991149,-0.143553332
31.34963806,0.005497787,0.022602014,-0.285274059
31.39963806,-0.045204028,0.056199603,-0.37751472
31.44963806,-0.028710667,0.045204028,-0.438601255
31.49963806,-0.035430186,0.037262779,-0.529009283
31.54963806,0.18875736,0.137444675,-0.740368664
31.59963806,0.144164205,0.110566609,-0.875369906
31.64963806,0.083077677,0.129503429,-0.957836688
31.69963806,-0.037262779,0.089186326,-1.02991879
31.74963806,0.146607652,0.075747289,-0.998153806
31.79963806,0.120340452,0.015882496,-0.981049597
31.84963806,0.091629788,-0.030543262,-0.945619404
31.89963806,0.002443461,-0.022602014,-0.878424227
31.94963806,0.039095376,-0.122783914,-0.747699082
31.99963806,0.164322749,-0.071471237,-0.671340883
32.04963806,0.083077677,-0.081855945,-0.60597831
32.09963806,0.041538838,-0.090408057,-0.545502663
32.14963806,-0.109955743,-0.078801617,-0.48685959
32.19963806,0.021380283,-0.058643065,-0.450207681
32.24963806,0.175318331,-0.133168623,-0.488692194
32.29963806,0.156992361,-0.091018923,-0.530841887
32.34963806,-0.072692961,0.00122173,-0.644462824
32.39963806,-0.080023348,0.02321288,-0.704938471
32.44963806,-0.087353729,0.02687807,-0.770911932
32.49963806,-0.007330383,0.051312681,-0.842994034
32.54963806,0.09590584,0.003665192,-1.028697014
32.59963806,0.105068825,0.061086524,-1.131933331
32.64963806,0.10751228,0.071471237,-1.203404546
32.69963806,0.003054326,0.01282817,-1.262047648
32.74963806,0.087353729,0.124005646,-1.241278172
32.79963806,0.144775063,0.016493361,-1.185689449
32.84963806,0.102625363,0.01282817,-1.141707182
32.89963806,0.048258353,0.021991149,-1.091005325
32.94963806,-0.009773844,-0.010995574,-0.937678158
32.99963806,0.063529983,0.003665192,-0.838107109
33.04963806,0.097127572,-0.06963864,-0.734260023
33.09963806,0.090408057,-0.083688542,-0.63896507
33.14963806,0.156381503,-0.091629788,-0.516181111
33.19963806,0.000610865,-0.117286131,-0.48685959
33.24963806,0.014049901,-0.005497787,-0.491135657
33.29963806,0.035430186,-0.048869219,-0.508850753
33.34963806,-0.02321288,-0.015882496,-0.552833021
33.39963806,-0.103847094,0.006108652,-0.612086952
33.44963806,-0.06169739,0.087964594,-0.651793242
33.49963806,-0.014049901,-0.000610865,-0.712879717
33.54963806,0.027488936,0.060475659,-0.849713564
33.59963806,0.086131997,0.006108652,-0.930347741
33.64963806,0.105068825,0.050701816,-1.015868902
33.69963806,0.081855945,0.036651913,-1.093448758
33.74963806,0.001832596,0.041538838,-1.174082994
33.79963806,0.026267206,0.10751228,-1.144761443
33.84963806,0.082466811,0.06536258,-1.076955438
33.89963806,0.103236228,-0.01038471,-1.025642753
33.94963806,0.036651913,-0.001832596,-0.943175912
33.99963806,-0.013439035,0.007941248,-0.898582757
34.04963806,0,-0.007330383,-0.831998467
34.09963806,0.018936822,-0.031154128,-0.750142515
34.14963806,0.091629788,-0.124005646,-0.59620446
34.19963806,0.08124508,-0.067806043,-0.52656585
34.24963806,0.004886922,-0.100792766,-0.509461641
34.29963806,0.02687807,-0.098349303,-0.511294186
34.34963806,0.08124508,-0.081855945,-0.514959395
34.39963806,0.097127572,-0.015271631,-0.538172305
34.44963806,0.039095376,-0.02321288,-0.609643519
34.49963806,0.01038471,-0.003665192,-0.641408503
34.54963806,-0.006719518,0.028710667,-0.689666867
34.59963806,0.032986723,-0.007330383,-0.731205702
34.64963806,0.083077677,0.018936822,-0.766025007
34.69963806,0.067806043,0.008552114,-0.838107109
34.74963806,0.039706241,0.040317107,-0.949895442
34.79963806,-0.043982297,0.045204028,-1.014036298
34.84963806,0.02687807,0.114231803,-1.009149432
34.89963806,0.050701816,0.08857546,-0.962723613
34.94963806,0.019547688,0.031154128,-0.878424227
34.99963806,0.045814894,0.021380283,-0.856433094
35.04963806,0.05375614,-0.029932396,-0.830776751
35.09963806,-0.032986723,0.014660766,-0.808785558
35.14963806,-0.035430186,-0.02687807,-0.684169054
35.19963806,0.083688542,-0.048258353,-0.591317534
35.24963806,0.178372651,-0.097127572,-0.5497787
35.29963806,0.158824965,-0.070249505,-0.504574716
35.34963806,-0.020158554,-0.105068825,-0.519235432
35.39963806,0.02687807,-0.027488936,-0.563217759
35.44963806,0.03848451,-0.069027774,-0.588263214
35.49963806,0.069027774,-0.017715093,-0.594982743
35.54963806,-0.014660766,0.015271631,-0.774577141
35.59963806,-0.040317107,-0.00122173,-0.84116143
35.64963806,-0.063529983,0.018325957,-0.864985168
35.69963806,0.020769419,0.063529983,-0.869261265
35.74963806,0.144775063,0.029932396,-0.918130457
35.79963806,0.122173049,0.032375857,-0.97371918
35.84963806,0.054977871,0.022602014,-0.995099485
35.89963806,0.006108652,0.059253927,-1.003651619
35.94963806,0.066584311,0.06963864,-0.965777934
35.99963806,0.103847094,0.045204028,-0.929736912
36.04963806,0.043371432,-0.037873644,-0.911410928
36.09963806,-0.00122173,-0.01160644,-0.876591623
36.14963806,0.02321288,0.027488936,-0.844215751
36.19963806,-0.014660766,-0.024434609,-0.744033873
36.24963806,0.056810468,-0.0421497,-0.673173487
36.29963806,0.02321288,-0.058643065,-0.646295428
36.34963806,0.067195177,-0.043371432,-0.610254407
36.39963806,0.015882496,-0.076358154,-0.604145706
36.44963806,0.021380283,-0.053145275,-0.619417369
36.49963806,0.064751714,0.007330383,-0.611476123
36.54963806,0.102014497,-0.013439035,-0.605367482
36.59963806,0.000610865,0.003054326,-0.650571466
36.64963806,-0.024434609,0.018325957,-0.701273322
36.69963806,-0.08857546,0.002443461,-0.730594814
36.74963806,-0.036651913,0.034208454,-0.739146948
36.79963806,0.127670839,-0.007330383,-0.843604922
36.84963806,0.143553332,0.045204028,-0.925460875
36.89963806,0.114231803,0.045204028,-1.015868902
36.94963806,-0.067195177,0.051923547,-1.100779176
36.99963806,0.029932396,0.094073251,-1.127657294
37.04963806,0.098960169,0.040927973,-1.06962502
37.09963806,0.156381503,-0.021380283,-1.019534111
37.14963806,0.138666406,-0.054367006,-0.97371918
37.19963806,-0.048258353,-0.027488936,-0.92729342
37.24963806,-0.03481932,0.01038471,-0.865596056
37.29963806,0.032986723,-0.053145275,-0.806953013
37.34963806,0.043982297,-0.059253927,-0.74830991
37.39963806,0.152716309,-0.074525557,-0.673173487
37.44963806,0.102014497,-0.060475659,-0.648738861
37.49963806,-0.01038471,-0.091018923,-0.632245541
37.54963806,0.028099801,-0.062308256,-0.605367482
37.59963806,0.02321288,-0.055588737,-0.65240407
37.64963806,-0.006108652,-0.06536258,-0.684779942
37.69963806,-0.029321533,-0.044593163,-0.715934038
37.74963806,-0.032375857,-0.020158554,-0.766635895
37.79963806,-0.006719518,-0.020158554,-0.842383146
37.84963806,0.021380283,-0.007330383,-0.893695831
37.89963806,0.007330383,0.017104227,-0.962723613
37.94963806,0.041538838,0.022602014,-1.022588372
37.99963806,-0.047647487,0.070249505,-1.133765936
38.04963806,-0.029932396,0.090408057,-1.142928839
38.09963806,0.031154128,0.113010071,-1.105055213
38.14963806,0.108734012,0.062308256,-1.064127207
38.19963806,0.112399206,-0.026267206,-0.963945329
38.24963806,0.031154128,0.004886922,-0.9437868
38.29963806,-0.028099801,-0.028099801,-0.910800099
38.34963806,0,0,-0.829554975
38.39963806,0.098960169,-0.103236228,-0.705549359
38.44963806,0.153327182,-0.076358154,-0.649960637
38.49963806,0.194866017,-0.089186326,-0.593761027
38.54963806,0.183259577,-0.1423316,-0.538172305
38.59963806,-0.02687807,-0.152716309,-0.425162196
38.64963806,-0.044593163,-0.13072516,-0.39400807
38.69963806,0.007941248,-0.118507855,-0.400116742
38.74963806,-0.070860371,-0.09285152,-0.414166629
38.79963806,-0.080023348,0.009773844,-0.403171063
38.84963806,-0.06169739,-0.040927973,-0.400116742
38.89963806,0.004276057,0.022602014,-0.412334055
38.94963806,-0.052534413,0.035430186,-0.47342056
38.99963806,-0.075136423,0.1423316,-0.561385155
39.04963806,-0.040927973,0.058643065,-0.580932856
39.09963806,0.040927973,0.079412483,-0.546113551
39.14963806,0.019547688,0.064751714,-0.510683358
39.19963806,0.018325957,0.035430186,-0.465479314
39.24963806,-0.000610865,0,-0.437379509
39.29963806,-0.06169739,-0.048869219,-0.380569041
39.34963806,-0.064751714,-0.040317107,-0.305432618
39.39963806,-0.042760566,-0.037873644,-0.189368233
39.44963806,0.01038471,-0.004886922,-0.127059966
39.49963806,0.05009095,-0.014660766,-0.05375614
39.54963806,0.062308256,-0.045204028,0.017715093
39.59963806,0.1001819,-0.097127572,0.051312681
39.64963806,0.055588737,-0.076358154,0.048258353
39.69963806,0.048869219,-0.019547688,0.035430186
39.74963806,0.08857546,-0.039706241,0.028099801
39.79963806,0.030543262,0.022602014,0.01282817
39.84963806,0.01160644,-0.014660766,-0.009162978
39.89963806,-0.009162978,-0.008552114,-0.040927973
39.94963806,-0.036651913,0.056810468,-0.056199603
39.99963806,0.008552114,0.039706241,-0.039706241
40.04963806,0.055588737,0.042760566,-0.029932396
40.09963806,0.057421334,0.02321288,-0.02687807
40.14963806,0.03848451,0.043982297,-0.019547688
40.19963806,0.013439035,0.043982297,-0.020769419
40.24963806,-0.006719518,0.014660766,-0.018325957
40.29963806,-0.01282817,0.029321533,-0.014049901
40.34963806,0.020158554,0.03481932,-0.028710667
40.39963806,0.021380283,0.005497787,0.007330383
40.44963806,0.012217305,0.009162978,-0.004886922
40.49963806,0.001832596,-0.001832596,-0.017104227
40.54963806,0.029321533,0.018936822,-0.009773844
40.59963806,0.020769419,-0.014660766,-0.000610865
40.64963806,0,0.032986723,0.004886922
40.69963806,0,-0.015271631,0.000610865
40.74963806,-0.009162978,-0.00122173,0.014660766
40.79963806,0,-0.017104227,0.017104227
40.84963806,0.007330383,-0.003665192,0.020769419
40.89963806,0.020158554,-0.007941248,0.025045475
40.94963806,0.020158554,-0.020158554,0.018325957
40.99963806,0.022602014,0.007941248,0.020158554
41.04963806,0.014660766,-0.006108652,0.023823744
41.09963806,-0.015882496,-0.018325957,0.024434609
41.14963806,-0.016493361,-0.001832596,0.02321288
41.19963806,0.013439035,-0.010995574,0.024434609
41.24963806,0.015271631,-0.022602014,0.015271631
41.29963806,0.032986723,0.006719518,0.004276057
41.34963806,0.018936822,0.008552114,-0.003665192
41.39963806,0.007941248,0.007941248,-0.003665192
41.44963806,-0.014660766,-0.000610865,0.001832596
41.49963806,-0.037873644,0.006719518,-0.003054326
41.54963806,-0.028099801,-0.017715093,-0.006108652
41.59963806,-0.021991149,0.007941248,0.003665192
41.64963806,-0.00122173,0.039095376,0
41.69963806,-0.007941248,0.005497787,0.007330383
41.74963806,-0.01160644,0.002443461,0.010995574
41.79963806,0.006108652,0.028099801,0
41.84963806,-0.023823744,0.02687807,0
41.89963806,0.008552114,0.018325957,0.009162978
41.94963806,-0.005497787,0.003054326,-0.002443461
41.99963806,-0.007330383,0,-0.007330383
42.04963806,0.001832596,0.003054326,0.003054326
42.09963806,-0.002443461,-0.005497787,0.003054326
42.14963806,-0.00122173,0.007330383,-0.00122173
42.19963806,0.014660766,-0.003665192,-0.007330383
42.24963806,0.01038471,0.006108652,-0.004276057
42.29963806,0.01038471,0.016493361,0.007330383
42.34963806,-0.007941248,-0.02321288,0.004276057
42.39963806,0.018325957,-0.027488936,0.010995574
42.44963806,0.017715093,0.004276057,0.006719518
42.49963806,0.002443461,0.007941248,-0.001832596
42.54963806,-0.01038471,-0.003054326,0.003665192
42.59963806,-0.009773844,0,0.006719518
42.64963806,-0.008552114,-0.005497787,0.008552114
42.69963806,0.007941248,-0.021991149,0.004886922
42.74963806,-0.006108652,0.001832596,0.001832596
42.79963806,0.01160644,-0.013439035,-0.00122173
42.84963806,0.009162978,-0.007941248,0.006719518
42.89963806,0.007330383,0.00122173,0.004276057
42.94963806,0.019547688,0.024434609,0.004886922
42.99963806,0.002443461,0.002443461,0.009773844
43.04963806,0.014660766,0.008552114,0.004886922
43.09963806,0.013439035,0.01038471,-0.003665192
43.14963806,0.01038471,-0.004886922,0.003665192
43.19963806,0,0.00122173,0.004886922
43.24963806,-0.001832596,0.002443461,0.007330383
43.29963806,0.003054326,0.009162978,0.012217305
43.34963806,0.021991149,-0.004276057,0.009773844
43.39963806,0.002443461,0.001832596,0.015271631
43.44963806,-0.006719518,-0.008552114,0.003054326
43.49963806,0.005497787,0.012217305,0.007330383
43.54963806,0.010995574,-0.005497787,0.005497787
43.59963806,0.005497787,0.029321533,0.016493361
43.64963806,-0.026267206,-0.025045475,0.01038471
43.69963806,-0.003054326,-0.001832596,0.020158554
43.74963806,0.004276057,0.006108652,0.003054326
43.79963806,0,0.001832596,0.003665192
43.84963806,0.006108652,0,0.006108652
43.89963806,0.01160644,-0.000610865,0.004886922
43.94963806,0.01038471,-0.006108652,0.009773844
43.99963806,-0.017715093,0.01038471,-0.000610865
44.04963806,-0.006108652,0.010995574,-0.003665192
44.09963806,0.01282817,-0.006108652,-0.004276057
44.14963806,-0.004886922,0.00122173,0.000610865
44.19963806,0.003054326,0.006719518,-0.01160644
44.24963806,0.013439035,0.003054326,-0.007941248
44.29963806,0.015882496,0.004276057,0.00122173
44.34963806,-0.008552114,0.005497787,0.003665192
44.39963806,-0.032375857,0.002443461,-0.00122173
44.44963806,-0.01038471,0.004276057,-0.004276057
44.49963806,0.019547688,-0.016493361,-0.01038471
44.54963806,0.019547688,0.006719518,-0.003665192
44.59963806,-0.009162978,0.005497787,-0.002443461
44.64963806,-0.010995574,-0.001832596,0.000610865
44.69963806,-0.002443461,0.023823744,-0.00122173
44.74963806,-0.005497787,-0.003054326,0.000610865
44.79963806,-0.00122173,0.018325957,0.00122173
44.84963806,0.00122173,-0.010995574,0.008552114
44.89963806,0.00122173,0.01282817,0.01282817
44.94963806,0.015882496,0.00122173,0.004886922
44.99963806,0.013439035,0.019547688,0.005497787
45.04963806,0.037873644,0.022602014,0.016493361
45.09963806,-0.004886922,-0.01160644,0.020158554
45.14963806,-0.01038471,0.000610865,0.020158554
45.19963806,-0.044593163,0.000610865,0.013439035
45.24963806,0.002443461,-0.001832596,0.014660766
45.29963806,0.031764992,-0.009162978,0.015271631
45.34963806,0.010995574,-0.00122173,0.008552114
45.39963806,0.025656341,-0.007941248,-0.00122173
45.44963806,0.001832596,-0.006108652,-0.002443461
45.49963806,-0.009162978,0.006719518,-0.003054326
45.54963806,-0.009773844,-0.015882496,-0.010995574
45.59963806,0.00122173,0.005497787,-0.00122173
45.64963806,0.01282817,-0.03848451,-0.005497787
45.69963806,0.032986723,0.013439035,-0.001832596
45.74963806,0.032986723,-0.003054326,-0.008552114
45.79963806,0.019547688,0.03848451,0.005497787
45.84963806,-0.025656341,-0.020769419,0.003054326
45.89963806,-0.043982297,0,0.006719518
45.94963806,-0.004886922,0.019547688,0.01160644
45.99963806,0.000610865,0.01038471,0.012217305
46.04963806,0.01038471,-0.005497787,0.000610865
46.09963806,-0.005497787,-0.01038471,-0.000610865
46.14963806,-0.002443461,0.005497787,0.001832596
46.19963806,-0.004276057,0,0.003054326
46.24963806,-0.017715093,-0.023823744,-0.001832596
46.29963806,-0.016493361,-0.009162978,-0.005497787
46.34963806,-0.004886922,0.000610865,-0.009162978
46.39963806,0.010995574,-0.00122173,0.007330383
46.44963806,0.01282817,-0.00122173,-0.007941248
46.49963806,0.009773844,0.017104227,-0.002443461
46.54963806,0.006719518,0.003054326,-0.006719518
46.59963806,0.006719518,0.014660766,0.007330383
46.64963806,-0.019547688,-0.01038471,0.00122173
46.69963806,0.00122173,0.019547688,0.01160644
46.74963806,-0.010995574,0.002443461,0.004276057
46.79963806,0.006719518,0.020158554,-0.000610865
46.84963806,-0.002443461,-0.007941248,-0.000610865
46.89963806,-0.003665192,0.000610865,-0.002443461
46.94963806,0.023823744,0.016493361,-0.001832596
46.99963806,0.009162978,0.005497787,0.000610865
47.04963806,0.002443461,-0.00122173,-0.007941248
47.09963806,0.009162978,-0.003054326,-0.004276057
47.14963806,0.012217305,0.000610865,0
47.19963806,0.015882496,0.008552114,-0.001832596
47.24963806,0.015271631,0.009773844,0.002443461
47.29963806,0.000610865,-0.014660766,-0.000610865
47.34963806,0.018936822,0.032375857,0.009162978
47.39963806,-0.007941248,-0.00122173,0.01038471
47.44963806,0.014049901,0.013439035,0.018325957
47.49963806,-0.014049901,-0.025045475,0.012217305
47.54963806,0.014660766,0.006719518,0.007941248
47.59963806,0.009773844,0.008552114,0.005497787
47.64963806,0.000610865,0.004886922,0.003665192
47.69963806,-0.009162978,-0.014660766,0.01282817
47.74963806,0,0.005497787,0.006719518
47.79963806,0.003665192,0.008552114,0.003054326
47.84963806,0.004276057,0.002443461,-0.00122173
47.89963806,0.009162978,-0.006108652,-0.004276057
47.94963806,0.007330383,0.020769419,-0.006719518
47.99963806,0.01038471,0.012217305,-0.003665192
48.04963806,0.01282817,0.025045475,-0.00122173
48.09963806,0,0.01160644,0.003054326
48.14963806,-0.004276057,0.004276057,0.005497787
48.19963806,0.003054326,-0.004886922,0.004276057
48.24963806,-0.007941248,-0.012217305,0
48.29963806,-0.004886922,0.008552114,0.000610865
48.34963806,-0.002443461,-0.008552114,-0.007330383
48.39963806,0.006719518,0.002443461,0.002443461
48.44963806,0.007330383,-0.014660766,0.001832596
48.49963806,0.009162978,0.000610865,0.003665192
48.54963806,0.007330383,0,0.000610865
48.59963806,-0.007330383,-0.010995574,0.003665192
48.64963806,0.007941248,-0.003054326,0.001832596
48.69963806,0.007330383,0.003665192,-0.000610865
48.74963806,-0.002443461,-0.006719518,-0.000610865
48.79963806,-0.024434609,-0.019547688,0.002443461
48.84963806,-0.032986723,0.019547688,0.003054326
48.89963806,-0.017104227,0.016493361,0.003665192
48.94963806,-0.02321288,-0.015882496,0.003054326
48.99963806,-0.01282817,-0.009162978,0.001832596
49.04963806,-0.015271631,0.012217305,0.003665192
49.09963806,0.005497787,0.014660766,-0.002443461
49.14963806,0.001832596,-0.01160644,-0.003054326
49.19963806,0.00122173,0.01282817,-0.008552114
49.24963806,-0.002443461,-0.01160644,-0.004276057
49.29963806,0.018936822,0.008552114,-0.007330383
49.34963806,0.020158554,0.018936822,-0.013439035
49.39963806,0.017715093,0.003054326,-0.003054326
49.44963806,-0.001832596,0.018325957,-0.004886922
49.49963806,-0.016493361,-0.003054326,-0.005497787
49.54963806,-0.01282817,-0.015882496,-0.00122173
49.59963806,-0.01282817,-0.014049901,-0.010995574
49.64963806,0.004886922,-0.001832596,0
49.69963806,0.005497787,0.002443461,0.006719518
49.74963806,0,-0.015271631,0.00122173
49.79963806,0.027488936,0,0.006719518
49.84963806,0.00122173,-0.007330383,0.004276057
49.89963806,-0.009162978,0.012217305,0.006108652
49.94963806,-0.01038471,-0.006108652,0.002443461
49.99963806,0.014660766,0.030543262,-0.000610865
50.04963806,0.007941248,0.007330383,0.003054326
50.09963806,-0.005497787,0,-0.005497787
50.14963806,-0.005497787,0.015882496,-0.017104227
50.19963806,-0.005497787,-0.004886922,-0.004276057
50.24963806,-0.017104227,-0.009773844,-0.009162978
50.29963806,0.003665192,0.013439035,-0.007941248
50.34963806,0.000610865,-0.00122173,-0.002443461
50.39963806,-0.001832596,0.009162978,0.005497787
50.44963806,-0.006719518,-0.004276057,0.004886922
50.49963806,-0.004276057,-0.01160644,0.010995574
50.54963806,0.006108652,-0.008552114,0.005497787
50.59963806,0.004276057,-0.008552114,0.010995574
50.64963806,0.004276057,-0.013439035,0.007941248
50.69963806,0.024434609,0.027488936,0.014660766
50.74963806,-0.002443461,0,0.017715093
50.79963806,-0.004276057,-0.009773844,0.020769419
50.84963806,-0.00122173,0.006719518,0.020158554
50.89963806,-0.017104227,-0.018325957,0.014049901
50.94963806,-0.019547688,0.00122173,0.014660766
50.99963806,-0.013439035,0.003054326,0.003054326
51.04963806,0.003665192,0.008552114,0.00122173
51.09963806,-0.000610865,-0.014660766,0.000610865
51.14963806,0.010995574,0.006719518,-0.00122173
51.19963806,0.01160644,-0.016493361,-0.007941248
51.24963806,0.004886922,0.008552114,-0.01282817
51.29963806,0.003665192,0.007941248,-0.013439035
51.34963806,0.005497787,0.002443461,-0.003054326
51.39963806,0.003054326,-0.001832596,-0.003665192
51.44963806,0.005497787,0.007330383,-0.002443461
51.49963806,-0.002443461,0.006108652,-0.005497787
51.54963806,0.002443461,0.014660766,0.006719518
51.59963806,-0.006719518,0.000610865,-0.00122173
51.64963806,-0.021380283,0.003665192,0.01282817
51.69963806,-0.002443461,0.002443461,0.009773844
51.74963806,0.01038471,0.015882496,0.007941248
51.79963806,0.006108652,-0.01160644,0.003054326
51.84963806,-0.001832596,0.014660766,0.001832596
51.89963806,-0.009773844,-0.003054326,-0.009162978
51.94963806,0.005497787,0.032986723,0.00122173
51.99963806,-0.028710667,-0.008552114,0.004276057
52.04963806,0.014660766,0.014049901,-0.000610865
52.09963806,0.006108652,-0.009773844,-0.006719518
52.14963806,0.014660766,0.009162978,-0.004276057
52.19963806,-0.000610865,0.004886922,0.000610865
52.24963806,0.003665192,0.018325957,0.00122173
52.29963806,0.009773844,-0.00122173,0.003665192
52.34963806,0.007330383,0.001832596,0.000610865
52.39963806,0.009162978,-0.01160644,-0.002443461
52.44963806,0.009773844,0.00122173,-0.001832596
52.49963806,0.015271631,-0.002443461,0.003665192
52.54963806,0.019547688,-0.014660766,-0.004276057
52.59963806,0.015271631,0.021991149,0.003665192
52.64963806,-0.003054326,-0.018936822,-0.001832596
52.69963806,-0.007330383,0.007330383,0.004276057
52.74963806,-0.032986723,-0.017104227,-0.00122173
52.79963806,-0.019547688,0.003665192,0.000610865
52.84963806,-0.018325957,-0.01282817,-0.004276057
52.89963806,0.009773844,0.021991149,0.005497787
52.94963806,0.021991149,0.007941248,0.003665192
52.99963806,-0.006719518,-0.006719518,-0.003665192
53.04963806,0.010995574,-0.016493361,0
53.09963806,-0.017715093,-0.003054326,0.001832596
53.14963806,0.002443461,0.017715093,-0.005497787
53.19963806,0.008552114,-0.007941248,-0.007330383
53.24963806,0.016493361,0.017715093,0.009773844
53.29963806,0.004886922,-0.010995574,0.01282817
53.34963806,0.005497787,0.000610865,0.014660766
53.39963806,0.002443461,0.002443461,0.015271631
53.44963806,0.007330383,-0.01282817,0.004276057
53.49963806,0.017715093,0.016493361,0.002443461
53.54963806,0.009773844,-0.028710667,-0.005497787
53.59963806,0.003665192,0.01038471,0.006108652
53.64963806,-0.013439035,-0.030543262,0.002443461
53.69963806,0.003665192,0.01160644,0
53.74963806,0.010995574,-0.013439035,0.00122173
53.79963806,-0.012217305,-0.021991149,0
53.84963806,0.001832596,-0.01282817,-0.006108652
53.89963806,0.014660766,0.006719518,-0.00122173
53.94963806,0.019547688,0.020158554,-0.000610865
53.99963806,0.007330383,0.004276057,0.000610865
54.04963806,-0.01282817,-0.003665192,0.009773844
54.09963806,-0.013439035,-0.003665192,0.012217305
54.14963806,0.00122173,0.003665192,0.006719518
54.19963806,-0.01282817,-0.021380283,0.001832596
54.24963806,-0.000610865,0.002443461,0.001832596
54.29963806,-0.010995574,-0.017715093,-0.003665192
54.34963806,0.006108652,0.005497787,0.000610865
54.39963806,0.004276057,-0.009162978,-0.00122173
54.44963806,0.032986723,0.001832596,-0.006108652
54.49963806,-0.018936822,0.002443461,-0.003665192
54.54963806,-0.03848451,-0.007941248,0.005497787
54.59963806,-0.028099801,-0.017104227,0.006719518
54.64963806,-0.099571034,0.003054326,0.002443461
54.69963806,-0.02321288,-0.004886922,0.002443461
54.74963806,0.021991149,0.024434609,0.017104227
54.79963806,0.041538838,-0.001832596,0.014049901
54.84963806,0.041538838,0.001832596,0.014049901
54.89963806,0.003665192,0.002443461,0.015882496
54.94963806,-0.007941248,0.021991149,0.009773844
54.99963806,-0.045814894,0.006719518,0.005497787
55.04963806,-0.027488936,0.010995574,0.012217305
55.09963806,-0.003054326,0.007330383,0.004886922
55.14963806,-0.003665192,0.017104227,0.005497787
55.19963806,0.01282817,0.014049901,0.014049901
55.24963806,0.017715093,0.013439035,0.009162978
55.29963806,0.004276057,-0.003665192,0.010995574
55.34963806,0.01038471,-0.017104227,0.009162978
55.39963806,0.009773844,0,0.000610865
55.44963806,0.009773844,-0.003054326,-0.006719518
55.49963806,-0.005497787,0.006719518,0.001832596
55.54963806,-0.032375857,-0.025656341,-0.002443461
55.59963806,0.003054326,-0.007330383,-0.003054326
55.64963806,0.003054326,-0.015882496,-0.01038471
55.69963806,0.017104227,-0.004276057,-0.006108652
55.74963806,0.001832596,-0.002443461,-0.004886922
55.79963806,-0.015882496,-0.01160644,-0.006108652
55.84963806,0,-0.000610865,0
55.89963806,-0.003665192,-0.007330383,0.003054326
55.94963806,-0.007330383,0.003665192,0.007330383
55.99963806,0.006108652,-0.006108652,0.006108652
56.04963806,0.008552114,0.001832596,0.007330383
56.09963806,0.005497787,0.00122173,0.002443461
56.14963806,0.025656341,0.014660766,0.01038471
56.19963806,0.015271631,-0.006719518,0.006108652
56.24963806,-0.028710667,-0.002443461,0.003054326
56.29963806,-0.007941248,-0.007330383,0.005497787
56.34963806,-0.000610865,0.014049901,0.007330383
56.39963806,0.019547688,-0.003665192,-0.001832596
56.44963806,0.059253927,-0.009162978,0.006719518
56.49963806,0.056199603,0.014660766,0
56.54963806,0.0421497,-0.012217305,-0.006719518
56.59963806,0.032375857,0.002443461,-0.006108652
56.64963806,-0.027488936,0.006719518,-0.002443461
56.69963806,-0.021380283,0.003054326,0.003054326
56.74963806,-0.033597589,0.007330383,0.003665192
56.79963806,-0.100792766,-0.014660766,-0.013439035
56.84963806,-0.003054326,0.007941248,-0.003665192
56.89963806,0.041538838,0.003054326,0.000610865
56.94963806,0.083077677,-0.012217305,0.007941248
56.99963806,0.084910266,-0.02687807,0.017104227
57.04963806,0.041538838,-0.004886922,0.014049901
57.09963806,-0.013439035,0.00122173,-0.001832596
57.14963806,-0.045204028,0.003665192,0.001832596
57.19963806,-0.054977871,0.007941248,0
57.24963806,-0.05375614,0.023823744,-0.001832596
57.29963806,-0.006719518,0.015271631,-0.002443461
57.34963806,0.036041051,-0.000610865,0.005497787
57.39963806,0.064140849,-0.009773844,0.004276057
57.44963806,0.023823744,0.004276057,0.006719518
57.49963806,-0.018325957,0.017104227,-0.004886922
57.54963806,-0.039095376,0.012217305,-0.007330383
57.59963806,-0.047036625,0.030543262,-0.004276057
57.64963806,-0.032375857,-0.01038471,0.004276057
57.69963806,0.007941248,0.015882496,0.010995574
57.74963806,0.020769419,-0.009162978,0.000610865
57.79963806,0.025656341,-0.003054326,-0.004886922
57.84963806,0.012217305,-0.007941248,0.00122173
57.89963806,0.018325957,0.009773844,-0.001832596
57.94963806,-0.015271631,0.017104227,-0.00122173
57.99963806,-0.02321288,0.00122173,0.002443461
58.04963806,-0.021380283,0.004886922,0.010995574
58.09963806,-0.03481932,-0.021380283,0.007330383
58.14963806,-0.00122173,0.014660766,0.012217305
58.19963806,0.013439035,-0.001832596,0.016493361
58.24963806,0.039095376,0.031764992,0.02687807
58.29963806,-0.002443461,-0.008552114,0.016493361
58.34963806,-0.02687807,-0.01160644,0.017715093
58.39963806,-0.01282817,0.01160644,0.014660766
58.44963806,-0.000610865,0.001832596,0.006719518
58.49963806,-0.007941248,-0.010995574,0.007330383
58.54963806,-0.003665192,-0.003665192,0.008552114
58.59963806,-0.00122173,0.006719518,0.001832596
58.64963806,-0.009162978,-0.016493361,0.003054326
58.69963806,0.033597589,-0.004276057,0.001832596
58.74963806,0.025656341,0.007941248,0.001832596
58.79963806,0.005497787,-0.010995574,-0.009773844
58.84963806,0.010995574,0.005497787,-0.009162978
58.89963806,0.004886922,0.028099801,-0.006719518
58.94963806,-0.029321533,-0.007330383,-0.005497787
58.99963806,-0.031764992,0,-0.000610865
59.04963806,0.006108652,-0.012217305,-0.003665192
59.09963806,0.014660766,0.017715093,-0.00122173
59.14963806,0.018325957,-0.012217305,-0.000610865
59.19963806,0.017104227,-0.002443461,0.003665192
59.24963806,-0.00122173,0.000610865,-0.003054326
59.29963806,-0.01038471,-0.001832596,0.006719518
59.34963806,-0.030543262,-0.003054326,0.009773844
59.39963806,-0.029932396,-0.017104227,-0.00122173
59.44963806,-0.010995574,-0.002443461,-0.004276057
59.49963806,-0.015882496,-0.027488936,-0.001832596
59.54963806,0.02687807,0.032986723,0.010995574
59.59963806,-0.01038471,-0.03481932,0.003665192
59.64963806,0.010995574,0,0.013439035
59.69963806,-0.029932396,-0.004886922,0.003054326
59.74963806,-0.009162978,0.003054326,0.004886922
59.79963806,-0.018936822,-0.00122173,0.003665192
59.84963806,0.006108652,-0.002443461,-0.008552114
59.89963806,0.023823744,-0.007941248,-0.004276057
59.94963806,0.020158554,0.007941248,-0.00122173
59.99963806,0.01160644,-0.032986723,-0.00122173
60.04963806,-0.003665192,0.018936822,-0.003665192
60.09963806,-0.009773844,-0.015882496,-0.009773844
60.14963806,-0.006719518,0.021380283,-0.006719518
60.19963806,-0.028099801,0.021380283,-0.004886922
60.24963806,-0.019547688,0.015882496,0.004886922
60.29963806,-0.000610865,-0.000610865,-0.000610865
60.34963806,0.014660766,0.01038471,0.002443461
60.39963806,0.036041051,0.007941248,0
60.44963806,-0.00122173,-0.000610865,0.001832596
60.49963806,0.013439035,0,0.01038471
60.54963806,0.007330383,0.018325957,0.008552114
60.59963806,-0.022602014,0,0.000610865
60.64963806,-0.019547688,0,0.004886922
60.69963806,-0.000610865,-0.017104227,-0.006108652
60.74963806,0.026267206,0.01038471,-0.007941248
60.79963806,0.037262779,0.024434609,-0.002443461
60.84963806,-0.004276057,-0.017104227,0.00122173
60.89963806,0,0.016493361,-0.002443461
60.94963806,-0.022602014,-0.005497787,-0.013439035
60.99963806,-0.037262779,-0.01160644,-0.013439035
61.04963806,-0.003054326,0.029932396,-0.006719518
61.09963806,-0.018325957,0.003665192,0
61.14963806,0.014049901,0.02321288,-0.002443461
61.19963806,0.002443461,-0.019547688,0
61.24963806,0.007941248,-0.002443461,0.007941248
61.29963806,0.01282817,0.009773844,0.006108652
61.34963806,0,-0.005497787,0.005497787
61.39963806,0.006108652,0.000610865,0.008552114
61.44963806,-0.00122173,0.018936822,0.01160644
61.49963806,0.010995574,-0.003665192,0.003665192
61.54963806,0.017715093,0.003054326,0.006719518
61.59963806,0.010995574,0.000610865,-0.001832596
61.64963806,0.006108652,-0.000610865,-0.002443461
61.69963806,0.03481932,0.010995574,0
61.74963806,0.075136423,-0.002443461,0.001832596
61.79963806,0.047647487,-0.009162978,-0.003054326
61.84963806,0.053145275,0.006108652,0.002443461
61.89963806,-0.039706241,0.003665192,-0.006108652
61.94963806,-0.021380283,0.009773844,-0.01160644
61.99963806,0.003665192,0.004886922,-0.007330383
62.04963806,0.04642576,0.028710667,0.006108652
62.09963806,0.099571034,-0.026267206,0.018325957
62.14963806,0.097738437,0.001832596,0.017104227
62.19963806,0.086131997,-0.032986723,0.004886922
62.24963806,0.076358154,-0.007941248,0.007330383
62.29963806,-0.071471237,0.009773844,-0.002443461
62.34963806,-0.122173049,-0.028710667,-0.00122173
62.39963806,-0.109955743,0.013439035,0.00122173
62.44963806,-0.085521132,0.009162978,-0.001832596
62.49963806,0.023823744,0.007330383,0.007941248
62.54963806,0.039706241,-0.009162978,0.00122173
62.59963806,0.062919118,0.01038471,-0.000610865
62.64963806,0.054367006,-0.000610865,0
62.69963806,-0.036651913,-0.006719518,0.003665192
62.74963806,-0.05009095,0.015271631,0.003054326
62.79963806,-0.02321288,0.028710667,0.004886922
62.84963806,-0.032375857,-0.040927973,-0.003665192
62.89963806,0,-0.001832596,-0.003054326
62.94963806,-0.003665192,-0.033597589,-0.012217305
62.99963806,0.002443461,0.017104227,0.004276057
63.04963806,-0.001832596,-0.015271631,-0.001832596
63.09963806,-0.019547688,0.013439035,0.003054326
63.14963806,0.007941248,0.009773844,-0.003054326
63.19963806,-0.02321288,0.028099801,-0.000610865
63.24963806,-0.005497787,0.012217305,0.006719518
63.29963806,-0.014049901,0.024434609,-0.003054326
63.34963806,-0.003054326,0.029321533,0.006719518
63.39963806,-0.061086524,-0.028099801,0.00122173
63.44963806,-0.063529983,0.012217305,0.007330383
63.49963806,-0.050701816,0.000610865,-0.021991149
63.54963806,0.010995574,0.020769419,-0.018325957
63.59963806,0.020158554,0.004886922,-0.007941248
63.64963806,0.031764992,-0.018325957,-0.004886922
63.69963806,0.016493361,0.004886922,-0.000610865
63.74963806,0.014660766,0.00122173,0.003054326
63.79963806,-0.01160644,-0.001832596,-0.001832596
63.84963806,0.006108652,0.023823744,0.008552114
63.89963806,0.009773844,0.01038471,0.006719518
63.94963806,-0.016493361,0.017104227,0.01282817
63.99963806,-0.032375857,-0.003054326,0.01160644
64.04963806,-0.004886922,0.017715093,0.015271631
64.09963806,0.007330383,0.005497787,-0.00122173
64.14963806,0.031764992,-0.002443461,0.007941248
64.19963806,0.004886922,0.004886922,0.006719518
64.24963806,-0.020769419,0.008552114,-0.00122173
64.29963806,-0.025045475,0.034208454,0.005497787
64.34963806,-0.018325957,0.022602014,0.006108652
64.39963806,-0.007330383,0.01038471,0.000610865
64.44963806,0.017104227,0.037262779,0.003665192
64.49963806,0.006719518,-0.014049901,0.007941248
64.54963806,0.015271631,0,0.007330383
64.59963806,-0.014660766,0.002443461,-0.000610865
64.64963806,-0.009162978,0.01282817,-0.003665192
64.69963806,0.012217305,0.029321533,-0.006719518
64.74963806,0.012217305,0.015271631,0.012217305
64.79963806,-0.004276057,-0.006108652,0.017715093
64.84963806,-0.024434609,-0.020769419,0.01160644
64.89963806,-0.006108652,-0.014660766,0.004276057
64.94963806,0.004276057,-0.017104227,-0.002443461
64.99963806,0.015271631,-0.00122173,-0.004276057
65.04963806,0.022602014,-0.008552114,-0.008552114
65.09963806,0.015882496,-0.036041051,-0.00122173
65.14963806,0.017104227,-0.009773844,-0.014049901
65.19963806,0.012217305,-0.020158554,-0.020769419
65.24963806,-0.003054326,-0.016493361,-0.010995574
65.29963806,0.019547688,-0.054367006,-0.01038471
65.34963806,0.017104227,0.056199603,-0.009162978
65.39963806,-0.03481932,0.020158554,-0.019547688
65.44963806,-0.06536258,0.004886922,-0.002443461
65.49963806,-0.05375614,0.031154128,-0.01282817
65.54963806,-0.077579886,0.018936822,0.004276057
65.59963806,-0.032986723,0.002443461,0.016493361
65.64963806,-0.027488936,0.017715093,-0.001832596
65.69963806,-0.019547688,0.015271631,-0.000610865
65.74963806,-0.006108652,0.032986723,-0.017104227
65.79963806,-0.007941248,-0.006719518,-0.007330383
65.84963806,-0.009162978,-0.020769419,0.009162978
65.89963806,0.004276057,0.001832596,-0.006719518
65.94963806,0.004276057,0.006719518,-0.003665192
65.99963806,-0.002443461,0.039706241,0.004276057
66.04963806,-0.037262779,0.018936822,-0.013439035
66.09963806,0.004886922,-0.017104227,-0.005497787
66.14963806,0.009773844,0.00122173,0.005497787
66.19963806,0.027488936,-0.006719518,0.013439035
66.24963806,-0.004276057,0.009162978,0.01160644
66.29963806,-0.01160644,-0.008552114,0.015271631
66.34963806,-0.004886922,0,0.002443461
66.39963806,-0.005497787,-0.017715093,0.017715093
66.44963806,0.018325957,0.004276057,0.009773844
66.49963806,0.023823744,-0.00122173,0
66.54963806,0.018325957,-0.01160644,0.009773844
66.59963806,0.023823744,0.003665192,0.001832596
66.64963806,0.006108652,0.01038471,-0.01282817
66.69963806,-0.017715093,-0.023823744,0.008552114
66.74963806,-0.020158554,-0.003665192,-0.004886922
66.79963806,-0.007941248,0.004276057,-0.009162978
66.84963806,-0.004276057,-0.019547688,-0.001832596
66.89963806,0.005497787,0.003054326,-0.002443461
66.94963806,-0.006719518,-0.01038471,0.000610865
66.99963806,0.003054326,-0.009773844,0.004886922
67.04963806,-0.010995574,0.014049901,-0.003665192
67.09963806,-0.018936822,0.003054326,0.004276057
67.14963806,-0.005497787,0.003054326,0.004276057
67.19963806,-0.009162978,-0.003665192,0.00122173
67.24963806,0.003054326,-0.000610865,0.005497787
67.29963806,0.001832596,0.000610865,0.00122173
67.34963806,0.015271631,-0.012217305,0.014049901
67.39963806,-0.001832596,-0.001832596,-0.001832596
67.44963806,0.008552114,-0.002443461,0.000610865
67.49963806,0.010995574,-0.00122173,-0.00122173
67.54963806,0.018936822,0.017715093,0.002443461
67.59963806,-0.003665192,-0.01038471,0.004276057
67.64963806,-0.000610865,-0.010995574,0.006108652
67.69963806,-0.009773844,-0.001832596,0.002443461
67.74963806,-0.004276057,-0.001832596,-0.003665192
67.79963806,0.00122173,-0.01160644,0.003054326
67.84963806,0.01160644,-0.006719518,0.002443461
67.89963806,-0.006719518,-0.00122173,0
67.94963806,0.007941248,0.007330383,0.007941248
67.99963806,0.014660766,-0.026267206,0.006108652
68.04963806,0.010995574,-0.006719518,0.002443461
68.09963806,-0.003665192,-0.000610865,-0.00122173
68.14963806,0.009773844,-0.001832596,0.002443461
68.19963806,0.036041051,0.024434609,0.006108652
68.24963806,0.022602014,0.003665192,0.009773844
68.29963806,-0.010995574,0.005497787,0.008552114
68.34963806,0.004886922,-0.000610865,0.003665192
68.39963806,-0.012217305,-0.029321533,-0.007941248
68.44963806,0.031154128,-0.003054326,0.00122173
68.49963806,0.004276057,0.01282817,-0.01038471
68.54963806,-0.05009095,0.012217305,0.00122173
68.59963806,-0.045814894,-0.006719518,0.002443461
68.64963806,-0.014660766,0.006719518,0.004276057
68.69963806,-0.027488936,0.017104227,-0.015882496
68.74963806,0.013439035,0.006719518,-0.009162978
68.79963806,-0.00122173,0.03481932,-0.01282817
68.84963806,0.026267206,-0.003054326,-0.003054326
68.89963806,0.028099801,-0.013439035,0.007941248
68.94963806,0.01038471,-0.05009095,0.017715093
68.99963806,0.049480084,0.058643065,0.016493361
69.04963806,0.004886922,-0.036041051,-0.018325957
69.09963806,0.01160644,0.005497787,0.007941248
69.14963806,0.004886922,-0.016493361,0.003665192
69.19963806,0.009162978,-0.017104227,-0.000610865
69.24963806,0.007330383,-0.006108652,0.007941248
69.29963806,0.028099801,-0.01282817,0.003665192
69.34963806,0.008552114,0.007330383,0
69.39963806,0.014049901,0.032375857,0.001832596
69.44963806,-0.024434609,-0.008552114,0.001832596
69.49963806,-0.02321288,0.00122173,0.006719518
69.54963806,-0.004276057,-0.017104227,-0.00122173
69.59963806,0.001832596,0.01282817,-0.003054326
69.64963806,0.003054326,-0.004276057,-0.01038471
69.69963806,0.012217305,0.01038471,-0.004276057
69.74963806,0.006108652,-0.00122173,-0.006719518
69.79963806,-0.003665192,-0.00122173,-0.003665192
69.84963806,0.000610865,0.008552114,-0.004886922
69.89963806,0.006719518,-0.014049901,0.01038471
69.94963806,0.009162978,0.014660766,-0.000610865
69.99963806,0.017104227,-0.003054326,-0.001832596
70.04963806,0.018936822,-0.000610865,0.006108652
70.09963806,0.003054326,-0.003054326,0.006108652
70.14963806,0,0.005497787,0.003665192
70.19963806,0.003665192,-0.00122173,0.00122173
70.24963806,-0.01160644,-0.003054326,0.004276057
70.29963806,-0.00122173,-0.003054326,0.007941248
70.34963806,-0.004276057,0,-0.003054326
70.39963806,0.006719518,0.019547688,0.000610865
70.44963806,-0.001832596,-0.015882496,-0.002443461
70.49963806,0.028710667,0.000610865,0.000610865
70.54963806,0.05375614,-0.018936822,-0.01160644
70.59963806,0.164933622,0.040927973,-0.013439035
70.64963806,0.161879286,0.062919118,-0.021380283
70.69963806,-0.091629788,0.022602014,0.013439035
70.74963806,-0.162490159,-0.070249505,-0.003665192
70.79963806,-0.178372651,-0.051312681,-0.020158554
70.84963806,-0.186924771,0.01282817,-0.023823744
70.89963806,0.009162978,-0.054367006,0.00122173
70.94963806,0.029321533,0.006108652,0.014049901
70.99963806,0.03481932,0.007330383,0.021991149
71.04963806,0.035430186,-0.045814894,0.02321288
71.09963806,0.009162978,-0.015271631,0.017715093
71.14963806,-0.008552114,-0.000610865,0.007941248
71.19963806,-0.003665192,0.025045475,0.015882496
71.24963806,0.006719518,-0.006719518,0.010995574
71.29963806,0.058643065,0.009773844,0.014660766
71.34963806,0.064140849,0.031764992,0.012217305
71.39963806,0.025045475,-0.002443461,0.018325957
71.44963806,0.012217305,-0.022602014,0.015882496
71.49963806,0,0.010995574,0.017104227
71.54963806,-0.059864793,0.006108652,-0.01160644
71.59963806,-0.033597589,0.001832596,0.006108652
71.64963806,-0.016493361,0.002443461,0.004276057
71.69963806,0.004886922,0.01038471,-0.002443461
71.74963806,0.014049901,-0.003665192,0
71.79963806,-0.006108652,0.004276057,-0.007330383
71.84963806,0.032375857,-0.013439035,0
71.89963806,0.020769419,0.000610865,0.001832596
71.94963806,-0.031764992,-0.005497787,0.003054326
71.99963806,-0.004886922,-0.003665192,0.015271631
72.04963806,0.000610865,-0.004276057,0.004886922
72.09963806,0.012217305,0.003054326,0.009162978
72.14963806,0.004886922,-0.012217305,0.005497787
72.19963806,0.015882496,-0.025656341,0.007941248
72.24963806,0.054977871,-0.055588737,0.002443461
72.29963806,0.073914692,-0.022602014,0.00122173
72.34963806,0.036041051,-0.017715093,-0.007330383
72.39963806,0.028710667,-0.00122173,-0.006719518
72.44963806,-0.027488936,-0.01038471,-0.003054326
72.49963806,-0.036651913,0.023823744,-0.017715093
72.54963806,-0.03848451,0.004886922,0.008552114
72.59963806,-0.01038471,0.015882496,0.005497787
72.64963806,0.004276057,-0.006108652,0.005497787
72.69963806,0.014049901,0,0.01038471
72.74963806,0.018325957,0.025045475,-0.003665192
72.79963806,0.036651913,0.01282817,0.009162978
72.84963806,0.030543262,0.006719518,0.008552114
72.89963806,0.002443461,-0.016493361,0.009773844
72.94963806,-0.018325957,0.008552114,0.006108652
72.99963806,-0.028710667,-0.015882496,-0.009773844
73.04963806,-0.017715093,0.003665192,-0.021380283
73.09963806,-0.017104227,-0.007941248,-0.026267206
73.14963806,0.025656341,-0.012217305,-0.019547688
73.19963806,0.020769419,-0.017104227,-0.002443461
73.24963806,0.031154128,0.007330383,-0.013439035
73.29963806,0.021991149,0.01038471,-0.010995574
73.34963806,-0.015882496,0.021991149,0.009773844
73.39963806,-0.009162978,0.01282817,-0.002443461
73.44963806,-0.014660766,-0.008552114,0.007941248
73.49963806,-0.001832596,0.006719518,0.007330383
73.54963806,-0.004886922,0.009773844,0
73.59963806,0.015882496,0.010995574,-0.007941248
73.64963806,0.000610865,-0.004886922,0.01282817
73.69963806,0.003054326,-0.009773844,-0.002443461
73.74963806,-0.016493361,0.00122173,-0.003054326
73.79963806,-0.005497787,-0.018325957,0.008552114
73.84963806,0.005497787,0.01160644,-0.007330383
73.89963806,-0.008552114,0.014049901,0.004886922
73.94963806,-0.006719518,-0.009162978,0.01038471
73.99963806,0.000610865,-0.000610865,0.006108652
74.04963806,0.01160644,-0.001832596,0.004276057
74.09963806,-0.002443461,0.016493361,0.003054326
74.14963806,0.014049901,-0.007941248,0.010995574
74.19963806,0.008552114,0.008552114,0.003665192
74.24963806,0.007330383,-0.01038471,0.008552114
74.29963806,0.031764992,0.015271631,0
74.34963806,0.005497787,0.030543262,-0.003665192
74.39963806,-0.006108652,0.019547688,-0.001832596
74.44963806,-0.004276057,0,-0.00122173
74.49963806,0.013439035,-0.006719518,-0.003054326
74.54963806,0.005497787,0.002443461,-0.003054326
74.59963806,0.005497787,-0.006108652,-0.008552114
74.64963806,-0.003665192,0.020769419,-0.002443461
74.69963806,-0.00122173,0.007941248,-0.010995574
74.74963806,0.004276057,0.008552114,0.00122173
74.79963806,0.015271631,-0.003665192,0.001832596
74.84963806,-0.006719518,0.022602014,-0.002443461
74.89963806,-0.015271631,0.008552114,-0.009162978
74.94963806,0.000610865,0.018325957,-0.006719518
74.99963806,0.021991149,0.018936822,-0.008552114
75.04963806,0.014049901,0.024434609,-0.001832596
75.09963806,0.028710667,0.028710667,0.004276057
75.14963806,-0.022602014,-0.002443461,-0.004886922
75.19963806,-0.030543262,0.019547688,-0.001832596
75.24963806,-0.002443461,-0.005497787,0.003665192
75.29963806,-0.001832596,-0.012217305,-0.003665192
75.34963806,0.003054326,-0.004276057,0.003054326
75.39963806,0.009773844,0.003054326,-0.00122173
75.44963806,-0.004886922,0.006108652,-0.007330383
75.49963806,-0.000610865,0.002443461,-0.002443461
75.54963806,0.008552114,-0.00122173,-0.00122173
75.59963806,-0.005497787,-0.006719518,0.006108652
75.64963806,-0.002443461,-0.002443461,0.007330383
75.69963806,0.00122173,0.009773844,-0.006108652
75.74963806,0.01038471,0.007941248,0.003665192
75.79963806,-0.012217305,-0.003665192,-0.003054326
75.84963806,-0.010995574,0.004886922,-0.006108652
75.89963806,0.014660766,-0.017104227,-0.001832596
75.94963806,-0.00122173,0.001832596,-0.01038471
75.99963806,-0.004886922,-0.000610865,-0.004886922
76.04963806,-0.008552114,0.002443461,-0.003054326
76.09963806,-0.007330383,-0.01160644,-0.000610865
76.14963806,0.003054326,-0.004886922,0.007941248
76.19963806,-0.00122173,0.003665192,0.004276057
76.24963806,0.004276057,-0.009162978,0.014049901
76.29963806,-0.002443461,-0.006108652,0.008552114
76.34963806,0.004886922,-0.004886922,0.003054326
76.39963806,-0.009773844,0.014660766,0.021991149
76.44963806,0.005497787,-0.003054326,0.022602014
76.49963806,-0.017715093,0.006719518,0.014049901
76.54963806,0.013439035,-0.01282817,0.001832596
76.59963806,0.006108652,-0.00122173,0.009773844
76.64963806,-0.003054326,-0.006108652,-0.013439035
76.69963806,0,0.008552114,-0.008552114
76.74963806,-0.006108652,0.01038471,-0.007941248
76.79963806,0.01038471,-0.004886922,-0.005497787
76.84963806,0.001832596,0.009773844,-0.001832596
76.89963806,0.024434609,-0.004886922,0.000610865
76.94963806,0.007941248,0.008552114,0.002443461
76.99963806,0.015271631,0.014049901,0
77.04963806,-0.006108652,0.014660766,-0.004276057
77.09963806,0.014660766,0.03481932,0.00122173
77.14963806,-0.014049901,0.006108652,0.010995574
77.19963806,-0.003665192,0.01160644,0.004886922
77.24963806,-0.01282817,0.033597589,0.006719518
77.29963806,-0.016493361,0.032986723,0.003054326
